Trip_Distance_km,Base_Fare,Per_Km_Rate,Per_Minute_Rate,Trip_Duration_Minutes,Trip_Price,Trip_Price_log,Time_of_Day_Evening,Time_of_Day_Morning,Time_of_Day_Night,Time_of_Day_Unknown,Day_of_Week_Weekday,Day_of_Week_Weekend,Traffic_Conditions_Low,Traffic_Conditions_Medium,Traffic_Conditions_Unknown,Weather_Rain,Weather_Snow,Weather_Unknown
19.35,3.56,0.8,0.32,53.82,36.2624,3.6179847753373884,0.0,1.0,0.0,0.0,1.0,0.0,1.0,0.0,0.0,0.0,0.0,0.0
36.87,2.7,1.21,0.15,37.27,52.9032,3.9871898453548966,1.0,0.0,0.0,0.0,0.0,1.0,0.0,0.0,0.0,0.0,0.0,0.0
30.33,3.48,0.51,0.15,116.81,36.4698,3.623535275187935,1.0,0.0,0.0,0.0,1.0,0.0,1.0,0.0,0.0,0.0,0.0,1.0
8.640000000000002,2.93,0.63,0.32,22.64,15.618000000000002,2.81048644524279,1.0,0.0,0.0,0.0,1.0,0.0,0.0,0.0,0.0,0.0,0.0,0.0
8.64,2.55,1.71,0.48,89.33,60.2028,4.114192940105693,0.0,0.0,0.0,0.0,0.0,1.0,0.0,1.0,0.0,0.0,0.0,0.0
3.85,3.51,1.66,0.27,5.05,11.2645,2.5067089104710005,0.0,0.0,0.0,0.0,1.0,0.0,0.0,0.0,0.0,1.0,0.0,0.0
43.44,2.97,1.87,0.23,73.56000000000002,101.1216,4.626164260092299,1.0,0.0,0.0,0.0,0.0,1.0,0.0,0.0,1.0,0.0,0.0,0.0
35.7,3.39,1.52,0.47,38.11000000000001,75.5657,4.338149195783989,0.0,0.0,0.0,0.0,1.0,0.0,1.0,0.0,0.0,1.0,0.0,0.0
2.0099999999999985,2.4,0.58,0.43,26.34,14.892,2.7658158379523523,0.0,1.0,0.0,0.0,1.0,0.0,0.0,0.0,1.0,0.0,0.0,0.0
41.79,4.6,1.77,0.11,86.95,88.13279999999999,4.490127392436581,0.0,0.0,1.0,0.0,0.0,1.0,0.0,0.0,0.0,0.0,0.0,0.0
11.4,4.12,1.7000000000000002,0.15,84.12,36.118,3.614102027156113,0.0,1.0,0.0,0.0,1.0,0.0,0.0,0.0,1.0,0.0,0.0,0.0
9.91,2.32,1.26,0.34,41.72,28.9914,3.4009106738987454,1.0,0.0,0.0,0.0,1.0,0.0,0.0,0.0,0.0,0.0,0.0,0.0
9.99,4.33,0.85,0.43,34.0,27.4415,3.347849346160231,0.0,0.0,1.0,0.0,1.0,0.0,0.0,0.0,0.0,0.0,0.0,0.0
15.91,4.42,1.77,0.21,114.93,56.716,4.055534431435009,0.0,1.0,0.0,0.0,1.0,0.0,1.0,0.0,0.0,0.0,0.0,0.0
26.71,4.3,1.59,0.2,111.18,69.0049,4.248565239599474,0.0,0.0,0.0,0.0,0.0,1.0,1.0,0.0,0.0,1.0,0.0,0.0
22.17,2.34,1.97,0.41,57.59,69.6268,4.257409675867487,0.0,0.0,1.0,0.0,0.0,0.0,1.0,0.0,0.0,0.0,0.0,0.0
15.27,3.93,0.73,0.12,102.30999999999999,27.3543,3.3447786941572066,0.0,1.0,0.0,0.0,0.0,0.0,1.0,0.0,0.0,0.0,0.0,0.0
30.98,4.5,0.84,0.25,57.02,44.7782,3.8238079952717436,0.0,0.0,0.0,0.0,0.0,1.0,1.0,0.0,0.0,1.0,0.0,0.0
7.84,3.73,0.82,0.3,53.8,26.2988,3.306842745180863,0.0,1.0,0.0,0.0,1.0,0.0,0.0,1.0,0.0,0.0,0.0,1.0
105.94355003672597,3.94,1.69,0.32,23.03,201.869509186128,5.3125629604586475,0.0,0.0,1.0,0.0,0.0,1.0,1.0,0.0,0.0,1.0,0.0,0.0
18.95,3.38,0.78,0.39,54.04,39.2366,3.6947770291799964,0.0,0.0,1.0,0.0,1.0,0.0,1.0,0.0,0.0,0.0,0.0,0.0
23.35,3.59,0.6,0.24,66.8,33.632000000000005,3.5447781101396796,0.0,0.0,1.0,0.0,0.0,0.0,1.0,0.0,0.0,1.0,0.0,0.0
10.78,3.92,0.54,0.33,56.07,28.2443,3.3756846828930183,1.0,0.0,0.0,0.0,0.0,0.0,0.0,0.0,0.0,1.0,0.0,0.0
138.09832791310237,2.24,1.75,0.32,94.86,280.87730155406564,5.641471875382156,1.0,0.0,0.0,0.0,0.0,1.0,0.0,1.0,0.0,1.0,0.0,0.0
30.03,3.31,1.05,0.36,83.21,64.7971,4.186575764411702,0.0,0.0,0.0,1.0,1.0,0.0,0.0,0.0,0.0,0.0,0.0,0.0
3.28,2.88,1.76,0.2,78.04,24.260800000000003,3.2292537870463365,1.0,0.0,0.0,0.0,1.0,0.0,0.0,1.0,0.0,0.0,0.0,0.0
30.77,3.64,1.33,0.13,109.6,58.8121,4.091207981625503,0.0,1.0,0.0,0.0,1.0,0.0,1.0,0.0,0.0,0.0,0.0,0.0
9.36,2.4,1.85,0.15,7.07,20.7765,3.0808314067035547,0.0,0.0,0.0,0.0,1.0,0.0,0.0,1.0,0.0,0.0,0.0,0.0
47.5,4.39,0.51,0.3,95.55,57.28,4.065258981327004,0.0,1.0,0.0,0.0,0.0,1.0,1.0,0.0,0.0,0.0,0.0,0.0
48.32,2.49,0.61,0.44,67.25,61.5552,4.136049366950728,0.0,1.0,0.0,0.0,1.0,0.0,1.0,0.0,0.0,0.0,0.0,0.0
40.61,2.31,0.88,0.38,42.25,54.1018,4.009182383501873,0.0,0.0,0.0,0.0,1.0,0.0,1.0,0.0,0.0,0.0,0.0,0.0
15.93,2.44,1.5,0.42,20.67,35.016400000000004,3.583974390277737,0.0,0.0,0.0,0.0,1.0,0.0,1.0,0.0,0.0,0.0,0.0,1.0
5.79,4.63,1.83,0.24,107.07,40.9225,3.7358226756391275,1.0,0.0,0.0,0.0,1.0,0.0,1.0,0.0,0.0,0.0,0.0,0.0
34.53,3.58,1.19,0.26,59.14,60.0471,4.111645697380954,0.0,1.0,0.0,0.0,1.0,0.0,0.0,1.0,0.0,0.0,0.0,0.0
22.57,3.4,1.41,0.2600000000000001,105.98,62.77850000000001,4.155416142961043,0.0,0.0,0.0,0.0,1.0,0.0,1.0,0.0,0.0,0.0,0.0,0.0
6.98,2.32,0.78,0.18,72.37,20.791,3.0814970405147846,0.0,0.0,0.0,0.0,0.0,1.0,1.0,0.0,0.0,0.0,0.0,0.0
25.26,3.95,1.71,0.12,82.53,57.0482,4.0612736999112125,1.0,0.0,0.0,0.0,1.0,0.0,0.0,0.0,0.0,0.0,0.0,0.0
2.69,4.6,1.95,0.34,97.49,42.9921,3.784010072343501,0.0,0.0,0.0,0.0,1.0,0.0,1.0,0.0,0.0,0.0,0.0,0.0
45.56,4.480000000000011,0.9,0.5,80.8,85.88400000000001,4.464573895641447,0.0,0.0,0.0,0.0,1.0,0.0,1.0,0.0,0.0,0.0,0.0,0.0
13.68,3.88,1.24,0.17,50.78,29.4758,3.4169329260482137,1.0,0.0,0.0,0.0,0.0,1.0,0.0,0.0,0.0,0.0,0.0,0.0
33.46,2.23,0.63,0.12,64.07,30.9982,3.465679651217636,0.0,0.0,0.0,0.0,0.0,1.0,1.0,0.0,0.0,1.0,0.0,0.0
16.27,2.34,1.3399999999999996,0.41,97.35,64.05529999999999,4.175237677427398,0.0,1.0,0.0,0.0,1.0,0.0,1.0,0.0,0.0,0.0,0.0,0.0
26.48,2.15,1.25,0.2,47.97,44.844,3.8252443286344526,0.0,1.0,0.0,0.0,0.0,1.0,0.0,1.0,0.0,0.0,0.0,0.0
27.79,2.77,0.72,0.43,49.63,44.1197,3.809318958231529,1.0,0.0,0.0,0.0,1.0,0.0,1.0,0.0,0.0,0.0,0.0,0.0
10.06,2.41,1.16,0.38,16.0,20.1596,3.0520937032197413,0.0,1.0,0.0,0.0,1.0,0.0,0.0,1.0,0.0,1.0,0.0,0.0
48.51,2.780000000000001,1.0,0.48,110.18,104.1764,4.655638940536079,1.0,0.0,0.0,0.0,1.0,0.0,0.0,0.0,0.0,1.0,0.0,0.0
38.98,3.16,1.28,0.26,15.47,57.0766,4.061762828858107,0.0,0.0,0.0,0.0,1.0,0.0,1.0,0.0,0.0,0.0,0.0,0.0
47.04,4.83,1.38,0.36,79.54,98.3796,4.598946861211355,0.0,0.0,1.0,0.0,1.0,0.0,0.0,1.0,0.0,0.0,0.0,1.0
44.85,3.83,0.51,0.29,52.52,41.9343,3.7596710402766234,1.0,0.0,0.0,0.0,0.0,1.0,0.0,1.0,0.0,1.0,0.0,0.0
30.3,4.5,1.64,0.35,51.65,72.2695,4.2941444240732505,0.0,0.0,1.0,0.0,0.0,1.0,1.0,0.0,0.0,0.0,0.0,0.0
46.17,4.13,1.57,0.28,83.15,99.8989,4.614119025417085,0.0,0.0,0.0,0.0,1.0,0.0,0.0,1.0,0.0,0.0,0.0,0.0
5.34,2.34,1.0499999999999998,0.18,12.72,10.2366,2.41917630760268,0.0,0.0,0.0,1.0,1.0,0.0,1.0,0.0,0.0,0.0,0.0,0.0
10.6,4.21,0.58,0.3,73.28,32.342,3.506817863525839,0.0,0.0,0.0,0.0,1.0,0.0,0.0,1.0,0.0,0.0,0.0,0.0
3.22,2.83,1.63,0.31,93.78,37.1504,3.6415362426034155,0.0,0.0,0.0,0.0,1.0,0.0,1.0,0.0,0.0,1.0,0.0,0.0
16.94,3.92,1.93,0.42,100.24,78.715,4.378457773859329,0.0,0.0,0.0,0.0,1.0,0.0,0.0,1.0,0.0,0.0,1.0,0.0
20.05,3.02,0.86,0.39,24.61,29.8609,3.429490010476054,1.0,0.0,0.0,0.0,0.0,0.0,1.0,0.0,0.0,0.0,0.0,1.0
14.3,4.99,0.99,0.37,108.2,59.181,4.097356687880059,0.0,0.0,1.0,0.0,1.0,0.0,0.0,0.0,0.0,0.0,0.0,0.0
41.61,2.79,0.78,0.15,80.46000000000002,47.314800000000005,3.877737931941514,1.0,0.0,0.0,0.0,0.0,1.0,1.0,0.0,0.0,1.0,0.0,0.0
18.48,2.84,1.37,0.39,106.41,69.6575,4.257844260608795,0.0,0.0,0.0,0.0,1.0,0.0,0.0,1.0,0.0,0.0,0.0,0.0
146.0670471598387,4.79,0.73,0.3,60.81,320.958663578238,5.774423163323136,0.0,0.0,0.0,0.0,1.0,0.0,0.0,1.0,0.0,0.0,0.0,0.0
27.59,2.07,1.03,0.46,67.33,61.459500000000006,4.134518346699613,1.0,0.0,0.0,0.0,0.0,1.0,0.0,1.0,0.0,1.0,0.0,0.0
7.91,4.09,1.55,0.47,110.69,68.3748,4.23952368917956,0.0,1.0,0.0,0.0,1.0,0.0,0.0,1.0,0.0,0.0,0.0,0.0
40.31,4.18,1.34,0.12,108.49,71.2142,4.279636702460889,0.0,1.0,0.0,0.0,1.0,0.0,0.0,1.0,0.0,0.0,0.0,0.0
4.65,4.51,1.08,0.43,56.54,33.8442,3.5508866958093037,0.0,0.0,0.0,0.0,1.0,0.0,0.0,1.0,0.0,0.0,0.0,1.0
49.36,4.92,1.13,0.12,36.56,65.084,4.190926660068345,0.0,1.0,0.0,0.0,0.0,0.0,0.0,0.0,0.0,1.0,0.0,0.0
38.84,4.93,1.34,0.25,50.21,69.52810000000001,4.256011211965977,0.0,1.0,0.0,0.0,0.0,1.0,1.0,0.0,0.0,0.0,0.0,0.0
10.74,2.2,0.51,0.32,49.59,23.5462,3.2005570561092043,0.0,1.0,0.0,0.0,0.0,0.0,0.0,1.0,0.0,0.0,0.0,0.0
1.27,4.47,0.62,0.16,37.99,11.3358,2.512505603978781,0.0,1.0,0.0,0.0,1.0,0.0,0.0,0.0,0.0,0.0,0.0,0.0
40.96,3.94,1.82,0.4,35.89,92.8432,4.5416253043605685,0.0,1.0,0.0,0.0,0.0,1.0,0.0,0.0,0.0,0.0,0.0,1.0
35.64,3.94,0.62,0.1,104.02,36.4388,3.622707599813687,0.0,0.0,1.0,0.0,0.0,1.0,0.0,0.0,0.0,1.0,0.0,0.0
36.72,2.39,1.56,0.17,13.03,61.8883,4.141360136865524,0.0,0.0,0.0,1.0,0.0,1.0,1.0,0.0,0.0,0.0,0.0,0.0
38.79,3.95,1.88,0.33,82.93,104.2421,4.656263410362971,0.0,0.0,0.0,0.0,1.0,0.0,1.0,0.0,0.0,0.0,0.0,0.0
4.63,4.95,0.91,0.39,24.87,18.8626,2.9888385664631247,0.0,0.0,0.0,0.0,1.0,0.0,0.0,1.0,0.0,0.0,0.0,0.0
18.56,4.74,1.0600000000000003,0.47,44.62,45.385000000000005,3.836976131105235,0.0,1.0,0.0,0.0,0.0,1.0,0.0,1.0,0.0,0.0,1.0,0.0
6.68,3.32,1.35,0.38,12.08,16.9284,2.8863860477178234,0.0,0.0,1.0,0.0,0.0,1.0,0.0,1.0,0.0,0.0,0.0,0.0
43.29,2.12,1.82,0.37,36.05,94.2463,4.556466168107962,1.0,0.0,0.0,0.0,1.0,0.0,0.0,1.0,0.0,1.0,0.0,0.0
31.54,3.09,1.91,0.26,93.37,87.6076,4.4842176327132846,0.0,1.0,0.0,0.0,1.0,0.0,0.0,0.0,0.0,0.0,0.0,0.0
17.21,4.48,1.61,0.1,106.78,42.8661,3.781141812206539,0.0,0.0,0.0,0.0,1.0,0.0,1.0,0.0,0.0,1.0,0.0,0.0
4.11,4.1,0.63,0.15,30.48,11.2613,2.506447960775728,1.0,0.0,0.0,0.0,0.0,1.0,0.0,0.0,0.0,1.0,0.0,0.0
16.24,3.38,1.5,0.31,58.31,45.8161,3.8462271608573055,0.0,0.0,1.0,0.0,1.0,0.0,0.0,1.0,0.0,0.0,0.0,0.0
16.93,2.17,1.12,0.37,59.09,42.9949,3.7840737181093744,0.0,0.0,0.0,0.0,1.0,0.0,1.0,0.0,0.0,0.0,1.0,0.0
36.75,3.28,1.21,0.27,105.46,76.2217,4.346680505615779,0.0,0.0,0.0,0.0,1.0,0.0,0.0,1.0,0.0,0.0,0.0,0.0
32.239999999999995,3.41,0.57,0.39,92.72,57.9476,4.0766489136864115,0.0,0.0,0.0,1.0,1.0,0.0,0.0,1.0,0.0,0.0,0.0,0.0
44.47,4.79,0.79,0.31,64.0,59.761300000000006,4.106953073153725,0.0,0.0,1.0,0.0,0.0,1.0,1.0,0.0,0.0,0.0,0.0,0.0
24.14,3.92,1.69,0.12999999999999995,82.14,55.3948,4.032376955671903,0.0,1.0,0.0,0.0,1.0,0.0,1.0,0.0,0.0,0.0,0.0,1.0
6.86,2.93,1.18,0.18,102.45,29.4658,3.4166047429978916,0.0,0.0,1.0,0.0,0.0,1.0,0.0,0.0,0.0,0.0,0.0,0.0
35.95,3.58,0.95,0.44,6.1,40.4165,3.723679352155662,0.0,0.0,0.0,0.0,0.0,1.0,1.0,0.0,0.0,0.0,0.0,0.0
38.28,2.2000000000000064,1.08,0.39,51.33,63.56110000000001,4.16761206223042,0.0,0.0,0.0,0.0,1.0,0.0,0.0,1.0,0.0,0.0,0.0,0.0
28.5,4.92,1.78,0.46,109.33,105.9418,4.672284761247268,0.0,0.0,0.0,0.0,1.0,0.0,0.0,1.0,0.0,0.0,0.0,0.0
25.199999999999992,3.43,0.91,0.5,67.43,60.077,4.112135363230649,0.0,1.0,0.0,0.0,0.0,1.0,0.0,1.0,0.0,0.0,0.0,0.0
26.61,3.07,0.68,0.18,65.91,33.0286,3.5272013474960966,0.0,1.0,0.0,0.0,1.0,0.0,1.0,0.0,0.0,1.0,0.0,0.0
21.95,4.05,0.88,0.1,44.99,27.865,3.362629788512897,0.0,1.0,0.0,0.0,1.0,0.0,0.0,1.0,0.0,0.0,0.0,0.0
2.25,3.99,1.88,0.5,64.86,40.65,3.7293013686128518,1.0,0.0,0.0,0.0,0.0,1.0,1.0,0.0,0.0,0.0,0.0,0.0
6.29,4.15,1.37,0.21,80.37,29.645000000000003,3.4224695169376953,0.0,0.0,0.0,0.0,1.0,0.0,0.0,0.0,1.0,0.0,0.0,0.0
2.54,2.8,1.3,0.37,53.11,25.7527,3.286635402827903,0.0,1.0,0.0,0.0,0.0,1.0,1.0,0.0,0.0,0.0,0.0,0.0
32.18,2.95,1.39,0.17,87.13,62.4923,4.1509186387035575,0.0,0.0,1.0,0.0,1.0,0.0,0.0,1.0,0.0,1.0,0.0,0.0
16.4,2.38,1.05,0.33,104.04,53.9332,4.00611790161985,1.0,0.0,0.0,0.0,1.0,0.0,0.0,0.0,1.0,1.0,0.0,0.0
25.92,3.97,1.71,0.46,22.79,58.7766,4.090614280029236,0.0,0.0,1.0,0.0,1.0,0.0,1.0,0.0,0.0,0.0,0.0,0.0
45.47,2.12,1.28,0.23,56.93,73.4155,4.309664253474004,0.0,0.0,1.0,0.0,0.0,1.0,1.0,0.0,0.0,1.0,0.0,0.0
13.22,3.79,0.68,0.37,51.92,31.99,3.49620448524049,0.0,1.0,0.0,0.0,1.0,0.0,1.0,0.0,0.0,1.0,0.0,0.0
21.11,4.61,0.69,0.18,84.06,34.3067,3.564072747628904,0.0,0.0,0.0,0.0,0.0,1.0,0.0,0.0,0.0,1.0,0.0,0.0
38.02,4.669999999999998,1.31,0.35,33.73,66.2817,4.208888282884118,1.0,0.0,0.0,0.0,0.0,0.0,0.0,0.0,1.0,0.0,0.0,0.0
112.8309582902826,3.35,1.9,0.23,78.63,233.00828520738887,5.455356521600076,0.0,0.0,0.0,0.0,1.0,0.0,0.0,0.0,0.0,0.0,1.0,0.0
102.74755620694734,2.23,1.8,0.23,53.09,274.53508679715014,5.618714977279244,1.0,0.0,0.0,0.0,1.0,0.0,0.0,1.0,0.0,0.0,0.0,0.0
8.900000000000004,4.01,1.65,0.17,109.77,37.355900000000005,3.6469083621340057,0.0,1.0,0.0,0.0,1.0,0.0,1.0,0.0,0.0,0.0,0.0,0.0
46.56,4.46,0.87,0.46,119.21,99.8038,4.6131760533394,0.0,1.0,0.0,0.0,1.0,0.0,1.0,0.0,0.0,0.0,0.0,0.0
40.6,2.73,0.55,0.26,17.2,29.532000000000004,3.4187753139362242,0.0,0.0,0.0,0.0,0.0,1.0,0.0,1.0,0.0,0.0,0.0,0.0
32.04,3.26,0.65,0.2,31.8,30.446,3.4482717890480843,0.0,0.0,0.0,0.0,1.0,0.0,1.0,0.0,0.0,0.0,0.0,0.0
43.7,4.52,1.59,0.28,114.29,106.0042,4.672868086028002,0.0,0.0,0.0,1.0,1.0,0.0,1.0,0.0,0.0,0.0,0.0,0.0
40.38,4.630000000000003,0.8,0.23,115.21,63.432300000000005,4.165615060169776,0.0,1.0,0.0,0.0,1.0,0.0,0.0,1.0,0.0,1.0,0.0,0.0
10.14,2.73,1.06,0.4,16.24,19.974400000000003,3.0433026464614077,1.0,0.0,0.0,0.0,1.0,0.0,0.0,0.0,0.0,1.0,0.0,0.0
44.74,3.65,1.25,0.49,6.72,62.8678,4.156815322013919,0.0,0.0,0.0,1.0,1.0,0.0,0.0,1.0,0.0,0.0,0.0,0.0
27.43,2.58,1.59,0.28,23.53,52.7821,3.9849406980515907,0.0,1.0,0.0,0.0,0.0,1.0,1.0,0.0,0.0,1.0,0.0,0.0
40.56,2.31,0.67,0.44,119.54,82.0828,4.419837700895461,1.0,0.0,0.0,0.0,0.0,1.0,0.0,1.0,0.0,1.0,0.0,0.0
44.91,4.73,1.11,0.33,25.7,63.0611,4.1598373154353965,0.0,0.0,1.0,0.0,1.0,0.0,1.0,0.0,0.0,1.0,0.0,0.0
6.39,4.28,1.31,0.38,102.57,51.6275,3.9632387968124165,1.0,0.0,0.0,0.0,1.0,0.0,0.0,0.0,0.0,0.0,0.0,0.0
12.17,2.15,1.73,0.31,7.35,25.4826,3.276487913559927,0.0,0.0,0.0,0.0,0.0,1.0,1.0,0.0,0.0,1.0,0.0,0.0
21.93,4.53,0.76,0.36000000000000004,74.52,48.024,3.892309974118126,0.0,0.0,0.0,0.0,0.0,0.0,1.0,0.0,0.0,0.0,0.0,1.0
41.08,3.31,1.71,0.46,36.86,90.5124,4.516474482225272,0.0,1.0,0.0,0.0,0.0,0.0,1.0,0.0,0.0,0.0,0.0,1.0
43.18,3.03,1.54,0.2799999999999999,104.17,98.6948,4.602113519138189,0.0,0.0,0.0,0.0,1.0,0.0,0.0,0.0,0.0,0.0,0.0,0.0
1.34,3.64,1.33,0.46,37.6,22.718200000000003,3.1662426859212514,0.0,0.0,0.0,1.0,0.0,1.0,0.0,1.0,0.0,0.0,0.0,0.0
26.03,2.27,1.55,0.4,83.98,76.20850000000002,4.3465095545967145,0.0,1.0,0.0,0.0,1.0,0.0,0.0,1.0,0.0,0.0,0.0,0.0
21.45,4.27,1.12,0.3,82.54,53.056,3.9900205462498732,1.0,0.0,0.0,0.0,1.0,0.0,0.0,1.0,0.0,0.0,0.0,0.0
11.88,3.75,0.71,0.34,30.47,22.544600000000003,3.158896494806251,0.0,0.0,0.0,0.0,1.0,0.0,0.0,0.0,1.0,0.0,0.0,1.0
6.87,2.56,1.5,0.23,9.0,14.935,2.7685179478692996,0.0,1.0,0.0,0.0,1.0,0.0,0.0,1.0,0.0,1.0,0.0,0.0
17.54,2.56,1.29,0.49,52.06,50.696,3.9453804090821425,0.0,1.0,0.0,0.0,1.0,0.0,1.0,0.0,0.0,1.0,0.0,0.0
47.2,2.55,1.46,0.37,38.26,85.6182,4.461509955150339,0.0,0.0,0.0,0.0,0.0,1.0,1.0,0.0,0.0,0.0,0.0,0.0
16.84,2.17,1.01,0.12,98.03,30.942000000000004,3.4639217582341177,0.0,1.0,0.0,0.0,0.0,1.0,0.0,1.0,0.0,0.0,1.0,0.0
26.42,3.76,1.86,0.23,97.04,75.22040000000001,4.3336291433983565,1.0,0.0,0.0,0.0,1.0,0.0,0.0,0.0,0.0,0.0,0.0,0.0
35.45000000000001,4.52,1.38,0.35,57.56,73.587,4.311966229289617,0.0,0.0,0.0,1.0,0.0,0.0,1.0,0.0,0.0,0.0,0.0,0.0
18.82,2.05,0.63,0.12,74.75,22.8766,3.172898899828148,0.0,0.0,0.0,0.0,1.0,0.0,1.0,0.0,0.0,1.0,0.0,0.0
48.62,2.15,1.17,0.11,74.49,67.2293,4.222874091358025,0.0,0.0,0.0,0.0,0.0,1.0,1.0,0.0,0.0,1.0,0.0,0.0
48.16,3.72,1.63,0.28,100.12,110.2544,4.711819470826044,0.0,0.0,0.0,1.0,0.0,1.0,0.0,0.0,1.0,1.0,0.0,0.0
109.61608204688008,4.46,1.69,0.23,53.88,327.21766546350466,5.793677002507597,0.0,0.0,0.0,0.0,1.0,0.0,0.0,0.0,0.0,0.0,0.0,0.0
25.370000000000005,2.98,1.24,0.28,36.68,44.7092,3.8222995905497186,0.0,0.0,0.0,0.0,0.0,1.0,0.0,1.0,0.0,1.0,0.0,0.0
15.74,3.05,1.84,0.21,35.48,39.4624,3.7003731478251507,0.0,0.0,0.0,0.0,1.0,0.0,0.0,0.0,1.0,0.0,0.0,0.0
14.96,3.79,0.9,0.17,66.66,28.5862,3.3873080364012282,0.0,1.0,0.0,0.0,1.0,0.0,0.0,1.0,0.0,1.0,0.0,0.0
2.81,2.82,1.12,0.38,56.65,27.4942,3.3497005577919547,1.0,0.0,0.0,0.0,0.0,1.0,1.0,0.0,0.0,1.0,0.0,0.0
30.87,2.08,1.85,0.31,55.61,76.4286,4.349356221387955,1.0,0.0,0.0,0.0,1.0,0.0,0.0,1.0,0.0,0.0,0.0,0.0
25.63,4.21,1.84,0.18,15.48,54.1556,4.010158281795681,0.0,0.0,0.0,0.0,1.0,0.0,0.0,1.0,0.0,0.0,0.0,0.0
3.52,3.88,1.53,0.23,87.64,29.4228,3.415192327302722,1.0,0.0,0.0,0.0,1.0,0.0,0.0,1.0,0.0,1.0,0.0,0.0
14.65,3.74,1.79,0.3400000000000001,29.58,40.020700000000005,3.714076817345048,1.0,0.0,0.0,0.0,0.0,1.0,0.0,0.0,0.0,0.0,0.0,0.0
45.51,4.23,0.63,0.13,27.65,36.4958,3.6242289267038967,1.0,0.0,0.0,0.0,1.0,0.0,0.0,1.0,0.0,0.0,0.0,0.0
12.74,4.03,1.8,0.16,52.47,35.357200000000006,3.593392258643263,1.0,0.0,0.0,0.0,1.0,0.0,1.0,0.0,0.0,1.0,0.0,0.0
8.1,2.62,0.98,0.13,31.19,14.6127,2.7480846856178442,0.0,0.0,0.0,0.0,0.0,1.0,0.0,0.0,0.0,0.0,0.0,0.0
24.98,3.06,0.77,0.42,72.14,52.5934,3.9814259261667444,0.0,0.0,0.0,0.0,0.0,1.0,1.0,0.0,0.0,1.0,0.0,0.0
49.3,2.38,0.86,0.4,47.72,63.866,4.17232360353869,0.0,0.0,0.0,0.0,1.0,0.0,1.0,0.0,0.0,0.0,0.0,0.0
12.86,2.39,1.13,0.4,56.62,39.5698,3.703023947455157,1.0,0.0,0.0,0.0,1.0,0.0,1.0,0.0,0.0,0.0,0.0,0.0
33.93,4.029999999999994,0.88,0.39,66.77,59.92869999999999,4.109704328073491,0.0,1.0,0.0,0.0,1.0,0.0,1.0,0.0,0.0,1.0,0.0,0.0
38.32,4.58,0.98,0.37,28.41,52.6453,3.9823938603929534,1.0,0.0,0.0,0.0,1.0,0.0,0.0,1.0,0.0,0.0,0.0,0.0
12.64,4.890000000000003,0.7,0.29,22.91,20.3819,3.0625447697493926,1.0,0.0,0.0,0.0,1.0,0.0,0.0,1.0,0.0,0.0,0.0,0.0
36.68,3.89,0.94,0.36,106.25,76.6192,4.351814819265642,0.0,0.0,0.0,1.0,0.0,1.0,0.0,0.0,0.0,1.0,0.0,0.0
19.02,2.55,1.36,0.12,54.88,35.0028,3.5835967132093534,1.0,0.0,0.0,0.0,1.0,0.0,0.0,1.0,0.0,0.0,0.0,0.0
31.98,2.32,1.16,0.35,52.39,57.7533,4.073347321659547,0.0,1.0,0.0,0.0,0.0,0.0,0.0,1.0,0.0,0.0,0.0,0.0
32.04,4.44,1.02,0.41,9.1,40.8518,3.7341348067632367,0.0,0.0,0.0,1.0,1.0,0.0,1.0,0.0,0.0,0.0,0.0,0.0
27.25,3.74,1.62,0.3,62.269999999999996,66.566,4.2131048979429435,1.0,0.0,0.0,0.0,0.0,1.0,1.0,0.0,0.0,1.0,0.0,0.0
5.42,3.85,1.84,0.24,68.73,30.318,3.444193012123251,0.0,1.0,0.0,0.0,1.0,0.0,0.0,1.0,0.0,1.0,0.0,0.0
41.93,4.34,1.64,0.21,69.27,87.6519,4.484717464890655,1.0,0.0,0.0,0.0,0.0,1.0,0.0,1.0,0.0,1.0,0.0,0.0
16.720000000000002,4.11,1.0,0.36,86.31,51.9016,3.9684335841535523,1.0,0.0,0.0,0.0,1.0,0.0,0.0,0.0,0.0,0.0,0.0,0.0
3.0,2.17,0.73,0.45,34.01,19.6645,3.0284172521713426,0.0,1.0,0.0,0.0,1.0,0.0,1.0,0.0,0.0,0.0,0.0,0.0
29.95,4.24,0.7,0.24,98.23,48.7802,3.9076173146091575,0.0,1.0,0.0,0.0,1.0,0.0,0.0,1.0,0.0,0.0,0.0,0.0
34.2,4.55,1.02,0.41,113.92,86.1412,4.467529791537787,0.0,0.0,0.0,1.0,1.0,0.0,1.0,0.0,0.0,0.0,0.0,0.0
1.81,2.86,1.71,0.32,20.63,12.5567,2.6068808900628517,0.0,0.0,1.0,0.0,1.0,0.0,1.0,0.0,0.0,1.0,0.0,0.0
26.09,3.92,0.87,0.45,62.23,54.62179999999999,4.018575210741712,0.0,0.0,0.0,1.0,1.0,0.0,0.0,1.0,0.0,1.0,0.0,0.0
32.61,4.870000000000001,0.7,0.31,11.91,31.3891,3.477821946443377,0.0,0.0,0.0,0.0,0.0,0.0,0.0,1.0,0.0,0.0,0.0,0.0
9.54,2.1,1.79,0.33,42.43,33.1785,3.531596791411408,0.0,0.0,0.0,0.0,0.0,1.0,0.0,0.0,1.0,1.0,0.0,0.0
34.86,3.74,1.45,0.4,21.52,62.895,4.157241111060666,1.0,0.0,0.0,0.0,1.0,0.0,1.0,0.0,0.0,0.0,0.0,0.0
7.74,2.529999999999999,1.29,0.12,21.54,15.0994,2.778782004215237,0.0,0.0,0.0,0.0,1.0,0.0,1.0,0.0,0.0,0.0,0.0,0.0
17.71,2.71,1.48,0.48,6.06,31.829600000000003,3.491330547461207,0.0,0.0,1.0,0.0,1.0,0.0,0.0,1.0,0.0,0.0,0.0,0.0
6.56,3.48,0.85,0.31,97.94,39.4174,3.6992603853147736,0.0,0.0,0.0,0.0,1.0,0.0,1.0,0.0,0.0,0.0,0.0,0.0
46.31,4.74,1.8,0.35,25.259999999999984,96.939,4.584344835889189,0.0,0.0,0.0,0.0,1.0,0.0,0.0,1.0,0.0,1.0,0.0,0.0
43.99,2.64,0.96,0.29,74.71,66.5363,4.212665231105614,0.0,0.0,1.0,0.0,1.0,0.0,1.0,0.0,0.0,0.0,0.0,0.0
13.64,2.43,1.54,0.14,43.75,29.5606,3.4197115976134382,0.0,1.0,0.0,0.0,1.0,0.0,0.0,1.0,0.0,1.0,0.0,0.0
33.34,4.28,0.52,0.41,72.33,51.2721,3.9564627679269795,0.0,0.0,1.0,0.0,0.0,1.0,0.0,1.0,0.0,0.0,0.0,0.0
41.04,3.5,1.06,0.4,41.3,63.522400000000005,4.167012450333322,0.0,0.0,0.0,0.0,0.0,1.0,0.0,0.0,0.0,0.0,0.0,0.0
28.2,4.74,1.03,0.22,15.0,37.086,3.6398467605366247,0.0,1.0,0.0,0.0,0.0,1.0,1.0,0.0,0.0,0.0,0.0,0.0
26.95,2.44,1.32,0.22,30.640000000000033,44.7548,3.8232967042508053,0.0,0.0,0.0,0.0,0.0,1.0,1.0,0.0,0.0,0.0,0.0,0.0
12.85,3.94,0.61,0.43999999999999995,26.63,23.4957,3.1984975919428815,1.0,0.0,0.0,0.0,1.0,0.0,1.0,0.0,0.0,0.0,1.0,0.0
5.56,2.6999999999999993,1.69,0.13,54.22,19.145,3.0029561186433105,0.0,1.0,0.0,0.0,1.0,0.0,0.0,0.0,0.0,0.0,0.0,0.0
44.959999999999994,2.47,0.83,0.45,80.7,76.1018,4.345126626600265,0.0,0.0,0.0,0.0,0.0,1.0,0.0,1.0,0.0,0.0,0.0,0.0
45.12,4.049999999999994,1.52,0.2,35.34,79.70039999999999,4.3907435318931105,0.0,0.0,0.0,0.0,1.0,0.0,0.0,1.0,0.0,0.0,0.0,0.0
32.02,3.78,1.7,0.34,6.39,60.38660000000001,4.11719157029271,0.0,0.0,0.0,0.0,1.0,0.0,0.0,0.0,1.0,0.0,0.0,0.0
17.61,4.26,1.34,0.47,64.68,58.257000000000005,4.081883916496768,0.0,1.0,0.0,0.0,1.0,0.0,1.0,0.0,0.0,0.0,0.0,0.0
18.11,2.93,1.61,0.37,74.66,59.7113,4.106129842189313,1.0,0.0,0.0,0.0,0.0,0.0,1.0,0.0,0.0,1.0,0.0,0.0
36.57,3.34,1.49,0.27,115.73,89.0764,4.500658199116758,0.0,0.0,1.0,0.0,1.0,0.0,0.0,0.0,0.0,0.0,0.0,0.0
44.96,3.22,1.03,0.38,72.79,77.18900000000001,4.359128972695385,0.0,0.0,1.0,0.0,0.0,1.0,0.0,1.0,0.0,0.0,0.0,0.0
44.47,4.95,1.71,0.24,59.18,95.1969,4.566397132620215,1.0,0.0,0.0,0.0,1.0,0.0,0.0,0.0,0.0,0.0,0.0,0.0
39.21,2.88,0.94,0.21,70.94,54.6348,4.018808904743851,0.0,1.0,0.0,0.0,1.0,0.0,1.0,0.0,0.0,0.0,1.0,0.0
32.46,2.88,1.36,0.5,111.71,102.8806,4.643242162673131,1.0,0.0,0.0,0.0,0.0,1.0,0.0,0.0,1.0,0.0,0.0,0.0
8.92,3.69,1.07,0.36,42.14,28.4048,3.3811579263244287,0.0,1.0,0.0,0.0,1.0,0.0,1.0,0.0,0.0,0.0,0.0,0.0
45.03,2.76,0.95,0.24,32.28,53.2857,3.994260840507189,0.0,0.0,0.0,0.0,1.0,0.0,0.0,0.0,0.0,0.0,0.0,0.0
30.72,4.75,1.19,0.12,35.2,45.5308,3.840114458917438,0.0,0.0,0.0,0.0,0.0,1.0,0.0,0.0,1.0,0.0,0.0,0.0
1.45,2.8,1.73,0.10999999999999999,63.01,12.2396,2.5832123385721237,1.0,0.0,0.0,0.0,0.0,1.0,0.0,0.0,0.0,0.0,0.0,0.0
5.97,4.69,1.89,0.32,90.57,44.95569999999999,3.8276778889865226,0.0,0.0,0.0,0.0,1.0,0.0,0.0,1.0,0.0,1.0,0.0,0.0
1.25,3.97,1.49,0.31,12.8,9.8005,2.3795924293548296,0.0,0.0,0.0,1.0,1.0,0.0,1.0,0.0,0.0,1.0,0.0,0.0
8.88,4.72,1.85,0.44,88.21,59.96039999999999,4.110224473036653,0.0,0.0,1.0,0.0,0.0,1.0,0.0,0.0,0.0,0.0,0.0,0.0
27.89,2.51,0.65,0.11,97.69,31.3844,3.4776768253673738,0.0,0.0,0.0,1.0,0.0,1.0,1.0,0.0,0.0,0.0,0.0,0.0
34.9,4.9,0.85,0.25,38.29,44.1375,3.809713386603576,0.0,0.0,0.0,0.0,0.0,1.0,0.0,1.0,0.0,0.0,0.0,0.0
11.99,4.84,1.74,0.28,54.06,40.839400000000005,3.7338384793096755,1.0,0.0,0.0,0.0,0.0,1.0,0.0,1.0,0.0,1.0,0.0,0.0
12.63,2.9,1.12,0.48,102.2,66.10159999999999,4.2062078887008,0.0,1.0,0.0,0.0,1.0,0.0,1.0,0.0,0.0,0.0,0.0,1.0
16.94,2.56,0.63,0.19,65.42,25.662,3.2832393306914853,0.0,1.0,0.0,0.0,0.0,1.0,1.0,0.0,0.0,0.0,0.0,0.0
37.58,2.91,1.16,0.47,84.52,86.22719999999998,4.468516208881449,0.0,0.0,0.0,0.0,1.0,0.0,1.0,0.0,0.0,0.0,1.0,0.0
32.83,2.2799999999999976,0.85,0.27,106.59,58.9648,4.09375772339921,0.0,0.0,0.0,0.0,0.0,1.0,0.0,1.0,0.0,0.0,0.0,0.0
42.61,2.43,0.94,0.49,62.01,72.86829999999999,4.302283777873911,0.0,1.0,0.0,0.0,1.0,0.0,1.0,0.0,0.0,1.0,0.0,0.0
33.22,2.31,1.66,0.32,41.02,70.5816,4.270838057700526,0.0,0.0,1.0,0.0,0.0,1.0,1.0,0.0,0.0,0.0,0.0,0.0
28.85,3.27,0.61,0.47,91.67,63.9534,4.173670089706471,0.0,1.0,0.0,0.0,0.0,0.0,0.0,0.0,0.0,0.0,0.0,0.0
5.59,4.39,1.7399999999999993,0.1,30.31,17.147599999999997,2.898538320562558,0.0,0.0,0.0,0.0,1.0,0.0,0.0,0.0,0.0,0.0,0.0,0.0
19.02,2.42,1.14,0.4,49.68,43.9748,3.8061023329117565,0.0,0.0,1.0,0.0,1.0,0.0,1.0,0.0,0.0,0.0,0.0,1.0
13.99,2.39,1.39,0.46,104.56,69.9337,4.261745637958952,0.0,0.0,0.0,0.0,1.0,0.0,0.0,0.0,1.0,0.0,0.0,0.0
130.80900130744172,3.93,0.63,0.16,88.31,328.8717691378544,5.79870400057425,0.0,0.0,0.0,0.0,1.0,0.0,0.0,0.0,0.0,0.0,0.0,0.0
48.68,2.59,1.01,0.14,51.44,58.9584,4.093650988422056,0.0,0.0,0.0,0.0,1.0,0.0,1.0,0.0,0.0,1.0,0.0,0.0
20.26,2.29,0.63,0.27,29.7,23.0728,3.1810825724079552,0.0,1.0,0.0,0.0,1.0,0.0,1.0,0.0,0.0,1.0,0.0,0.0
31.93,4.77,1.71,0.32,37.67,71.4247,4.282547401430749,0.0,0.0,0.0,0.0,1.0,0.0,0.0,1.0,0.0,0.0,0.0,0.0
39.95,4.46,1.19,0.31,25.25,59.828,4.108050209278213,1.0,0.0,0.0,0.0,0.0,1.0,1.0,0.0,0.0,0.0,0.0,0.0
25.63,3.06,0.84,0.16,90.48,39.066,3.6905280943594607,0.0,1.0,0.0,0.0,1.0,0.0,0.0,0.0,0.0,0.0,0.0,0.0
29.27,3.97,1.9,0.1,33.99,62.982,4.158601793801473,0.0,1.0,0.0,0.0,0.0,1.0,0.0,1.0,0.0,1.0,0.0,0.0
25.13,3.61,1.02,0.42,57.23,53.2792,3.994141096464542,0.0,1.0,0.0,0.0,0.0,1.0,0.0,1.0,0.0,1.0,0.0,0.0
10.569999999999999,4.03,0.74,0.14,49.37,18.7636,2.983841861960643,0.0,0.0,0.0,0.0,1.0,0.0,1.0,0.0,0.0,0.0,0.0,0.0
36.4,4.05,1.34,0.35000000000000003,117.94,94.105,4.5549815444048045,0.0,0.0,0.0,0.0,1.0,0.0,0.0,1.0,0.0,0.0,0.0,0.0
14.76,3.89,1.92,0.47,49.98,55.71979999999999,4.038123356124566,1.0,0.0,0.0,0.0,0.0,1.0,0.0,1.0,0.0,0.0,0.0,0.0
2.19,2.8,0.51,0.18,14.2,6.472899999999999,2.011283143351862,0.0,0.0,0.0,0.0,1.0,0.0,0.0,1.0,0.0,0.0,0.0,0.0
32.63,2.12,0.86,0.37,15.33,35.8539,3.6069614474993172,0.0,0.0,1.0,0.0,1.0,0.0,0.0,1.0,0.0,0.0,0.0,0.0
9.68,3.37,1.91,0.13,72.94,31.341,3.476335775130395,0.0,1.0,0.0,0.0,1.0,0.0,0.0,1.0,0.0,0.0,0.0,1.0
47.08,4.67,0.76,0.34,73.93,65.587,4.198509363298087,1.0,0.0,0.0,0.0,0.0,1.0,0.0,0.0,0.0,1.0,0.0,0.0
47.74,3.71,0.67,0.17,53.16,44.733,3.8228201379673754,1.0,0.0,0.0,0.0,1.0,0.0,0.0,0.0,0.0,0.0,0.0,0.0
45.83,4.5,1.36,0.39,54.66,88.1462,4.490277718611007,1.0,0.0,0.0,0.0,1.0,0.0,0.0,1.0,0.0,0.0,0.0,0.0
19.14,4.97,1.79,0.22,11.2,41.6946,3.7540724485371366,1.0,0.0,0.0,0.0,0.0,1.0,1.0,0.0,0.0,0.0,1.0,0.0
1.76,2.49,1.22,0.29,64.4,23.3132,3.191019412737969,1.0,0.0,0.0,0.0,0.0,1.0,1.0,0.0,0.0,0.0,0.0,0.0
46.49,4.08,1.99,0.34,63.05,118.0321,4.779393204635266,0.0,0.0,0.0,0.0,1.0,0.0,1.0,0.0,0.0,0.0,0.0,0.0
21.98,4.02,1.52,0.17,22.2,41.2036,3.742505525460313,0.0,1.0,0.0,0.0,1.0,0.0,0.0,1.0,0.0,0.0,0.0,0.0
48.37,4.94,0.61,0.4,16.94000000000001,41.2217,3.74293430688667,0.0,1.0,0.0,0.0,0.0,1.0,0.0,1.0,0.0,0.0,0.0,0.0
48.22,4.96,1.99,0.22,19.21,105.144,4.664796662764642,0.0,0.0,1.0,0.0,1.0,0.0,0.0,1.0,0.0,0.0,0.0,0.0
42.8,4.06,1.11,0.36,16.62,57.55120000000001,4.0699015851368605,0.0,0.0,0.0,0.0,1.0,0.0,0.0,0.0,0.0,1.0,0.0,0.0
15.43,2.73,0.93,0.16,75.12,29.0991,3.4044952709755805,1.0,0.0,0.0,0.0,1.0,0.0,0.0,0.0,0.0,0.0,0.0,0.0
19.87,4.4,1.34,0.38,27.6,41.5138,3.749828729107178,0.0,0.0,0.0,0.0,0.0,1.0,0.0,0.0,0.0,0.0,0.0,1.0
42.71,2.32,0.9599999999999999,0.15,33.91,48.4081,3.9001143783639933,0.0,1.0,0.0,0.0,1.0,0.0,1.0,0.0,0.0,0.0,0.0,0.0
16.53,4.34,0.63,0.27,24.96,21.4931,3.11320859551187,0.0,1.0,0.0,0.0,0.0,1.0,0.0,1.0,0.0,0.0,0.0,0.0
9.31,4.73,0.5,0.2,115.15,32.415000000000006,3.5090049009630335,0.0,0.0,0.0,0.0,0.0,1.0,1.0,0.0,0.0,1.0,0.0,0.0
28.28,3.15,1.17,0.4,103.28,77.5496,4.3637302723907645,0.0,0.0,0.0,0.0,1.0,0.0,1.0,0.0,0.0,1.0,0.0,0.0
46.87,3.89,1.76,0.2,31.51,92.6832,4.539918877544662,0.0,1.0,0.0,0.0,1.0,0.0,1.0,0.0,0.0,0.0,0.0,0.0
35.11,3.29,1.36,0.45,42.67,70.2411,4.26606989906587,0.0,0.0,0.0,0.0,1.0,0.0,1.0,0.0,0.0,1.0,0.0,0.0
28.93,3.31,2.0,0.46,29.14,74.5744,4.325117601500695,0.0,1.0,0.0,0.0,1.0,0.0,0.0,1.0,0.0,0.0,0.0,0.0
5.76,2.93,0.93,0.18,61.57,19.3694,3.0140337747239037,0.0,0.0,0.0,0.0,1.0,0.0,0.0,0.0,0.0,0.0,1.0,0.0
31.14,4.29,0.92,0.35,7.26,35.4798,3.5967586827349614,0.0,0.0,0.0,1.0,0.0,1.0,1.0,0.0,0.0,0.0,0.0,0.0
37.3,4.21,1.86,0.35,97.47,107.7025,4.688614792942726,0.0,1.0,0.0,0.0,1.0,0.0,1.0,0.0,0.0,0.0,1.0,0.0
35.15,2.76,1.9599999999999997,0.21,96.08,91.8308,4.530778481278402,0.0,0.0,0.0,0.0,1.0,0.0,0.0,1.0,0.0,1.0,0.0,0.0
116.196063616616,2.2,0.85,0.25,19.63,206.69956969976877,5.336092659140723,0.0,0.0,0.0,0.0,0.0,1.0,0.0,1.0,0.0,0.0,0.0,0.0
139.06223019422194,2.8,1.82,0.14,50.83,276.84059674137075,5.627047556221342,0.0,0.0,0.0,0.0,1.0,0.0,1.0,0.0,0.0,1.0,0.0,0.0
15.389999999999997,4.74,0.99,0.39,24.57,29.5584,3.419639606906753,0.0,1.0,0.0,0.0,1.0,0.0,1.0,0.0,0.0,0.0,0.0,1.0
40.66,3.9,0.67,0.3,34.29,41.4292,3.747836804452463,0.0,0.0,0.0,0.0,1.0,0.0,0.0,1.0,0.0,0.0,0.0,0.0
40.7,4.16,1.81,0.38,35.27,91.2296,4.524281120254595,1.0,0.0,0.0,0.0,1.0,0.0,0.0,0.0,1.0,0.0,0.0,0.0
43.49,2.77,1.45,0.2,68.97,79.6245,4.389802573546319,1.0,0.0,0.0,0.0,1.0,0.0,1.0,0.0,0.0,0.0,0.0,0.0
45.75,4.16,0.75,0.23,52.31,50.5038,3.9416555913553744,0.0,1.0,0.0,0.0,1.0,0.0,0.0,1.0,0.0,1.0,0.0,0.0
40.12,3.88,1.61,0.24,116.97,96.546,4.580324061615389,0.0,1.0,0.0,0.0,0.0,1.0,0.0,0.0,0.0,0.0,0.0,0.0
32.85,2.44,1.18,0.42,31.52,54.4414,4.015326607088061,0.0,0.0,1.0,0.0,1.0,0.0,0.0,1.0,0.0,0.0,0.0,0.0
35.4,4.47,1.98,0.46,93.88,117.7468,4.776993495183243,0.0,1.0,0.0,0.0,1.0,0.0,0.0,0.0,1.0,0.0,0.0,0.0
39.99,2.71,0.58,0.31,43.98,39.538,3.702239805815773,0.0,0.0,0.0,0.0,1.0,0.0,0.0,0.0,0.0,0.0,0.0,0.0
44.61,3.96,1.03,0.28,21.45,55.9143,4.041546627659114,0.0,0.0,0.0,0.0,1.0,0.0,1.0,0.0,0.0,0.0,0.0,1.0
17.56,3.22,1.22,0.11,103.66,36.0458,3.612154984992442,1.0,0.0,0.0,0.0,1.0,0.0,1.0,0.0,0.0,0.0,0.0,0.0
19.4,3.79,1.25,0.45,40.52,46.274,3.855960461491606,0.0,0.0,0.0,0.0,1.0,0.0,1.0,0.0,0.0,0.0,0.0,0.0
5.61,2.32,0.97,0.11,80.76999999999998,16.6464,2.8705317965697454,0.0,0.0,0.0,1.0,1.0,0.0,0.0,0.0,0.0,0.0,0.0,0.0
29.34,2.05,1.59,0.48,70.14,82.3678,4.423262143685234,0.0,0.0,0.0,0.0,1.0,0.0,0.0,0.0,0.0,0.0,0.0,0.0
23.81,2.81,1.91,0.24,62.02,63.1719,4.161565420175578,0.0,1.0,0.0,0.0,0.0,1.0,0.0,1.0,0.0,1.0,0.0,0.0
15.04,5.0,1.78,0.11,15.09,33.4311,3.538960225721867,0.0,1.0,0.0,0.0,1.0,0.0,1.0,0.0,0.0,0.0,0.0,0.0
29.95,2.63,1.33,0.33,81.84,69.47070000000001,4.255197020594549,0.0,1.0,0.0,0.0,1.0,0.0,0.0,0.0,0.0,0.0,0.0,0.0
2.49,2.8,1.74,0.32,108.02,41.699,3.754175500756598,0.0,0.0,0.0,0.0,1.0,0.0,1.0,0.0,0.0,0.0,0.0,0.0
2.83,3.99,0.96,0.19,11.65,8.920300000000001,2.294583162774987,0.0,1.0,0.0,0.0,1.0,0.0,1.0,0.0,0.0,0.0,1.0,0.0
41.31,4.9,1.1,0.27000000000000013,21.18,56.05960000000001,4.044096335596044,0.0,0.0,0.0,0.0,1.0,0.0,0.0,1.0,0.0,0.0,0.0,0.0
18.65,4.75,0.98,0.36,87.41,54.49459999999999,4.016285718721402,0.0,0.0,0.0,0.0,1.0,0.0,0.0,1.0,0.0,0.0,0.0,0.0
7.23,3.51,1.2,0.39,55.29,33.7491,3.5481536723948333,1.0,0.0,0.0,0.0,1.0,0.0,1.0,0.0,0.0,0.0,0.0,0.0
26.59,4.39,0.93,0.1,51.41,34.2597,3.562740668708912,0.0,1.0,0.0,0.0,1.0,0.0,0.0,1.0,0.0,0.0,0.0,0.0
38.73,2.41,1.94,0.47,20.75,87.29869999999998,4.48072538496473,0.0,1.0,0.0,0.0,1.0,0.0,0.0,1.0,0.0,0.0,0.0,0.0
11.58,4.93,0.97,0.17,63.28,26.9202,3.3293504411922976,0.0,1.0,0.0,0.0,1.0,0.0,1.0,0.0,0.0,1.0,0.0,0.0
31.52,4.89,0.65,0.19,19.55,29.0925,3.404275971271753,0.0,0.0,0.0,1.0,1.0,0.0,1.0,0.0,0.0,0.0,0.0,0.0
5.18,2.49,1.29,0.21,59.81,21.7323,3.123786820602763,1.0,0.0,0.0,0.0,1.0,0.0,0.0,1.0,0.0,0.0,0.0,0.0
3.53,2.9,0.59,0.12,92.82,16.1211,2.840311620985952,0.0,1.0,0.0,0.0,0.0,1.0,1.0,0.0,0.0,0.0,0.0,0.0
27.04,2.3,0.67,0.15,34.69999999999999,25.6218,3.2817304290130305,0.0,0.0,1.0,0.0,1.0,0.0,0.0,0.0,0.0,0.0,0.0,0.0
145.74705994904548,2.82,0.83,0.49,60.29,325.0989498083767,5.787200862331261,0.0,1.0,0.0,0.0,1.0,0.0,0.0,0.0,0.0,1.0,0.0,0.0
32.23,4.45,1.2,0.23,119.08,70.5144,4.2698988280233845,0.0,0.0,0.0,0.0,1.0,0.0,0.0,0.0,0.0,0.0,0.0,0.0
36.58,3.13,1.15,0.15,83.96,57.791,4.073988781965027,1.0,0.0,0.0,0.0,0.0,1.0,0.0,0.0,1.0,1.0,0.0,0.0
48.82,2.27,1.7,0.14,101.76,99.5104,4.610261204732241,1.0,0.0,0.0,0.0,1.0,0.0,0.0,0.0,0.0,0.0,0.0,0.0
26.3,3.03,1.61,0.39,52.71,65.9299,4.203645803013123,1.0,0.0,0.0,0.0,1.0,0.0,0.0,1.0,0.0,0.0,0.0,0.0
16.82,4.94,1.14,0.44,93.3,65.1668,4.192178826570455,1.0,0.0,0.0,0.0,1.0,0.0,1.0,0.0,0.0,0.0,1.0,0.0
39.96,3.89,1.0,0.2,9.66,45.782,3.8454985135555178,0.0,0.0,0.0,0.0,1.0,0.0,1.0,0.0,0.0,0.0,0.0,0.0
14.27,3.25,0.97,0.11,19.13,19.1962,3.005494467898715,1.0,0.0,0.0,0.0,1.0,0.0,0.0,0.0,1.0,1.0,0.0,0.0
22.51,2.5,1.66,0.19,28.35,45.2531,3.8341284887392506,0.0,1.0,0.0,0.0,1.0,0.0,0.0,0.0,1.0,0.0,0.0,0.0
4.84,4.96,0.58,0.12,51.22,13.9136,2.7022735483247557,1.0,0.0,0.0,0.0,0.0,0.0,0.0,1.0,0.0,1.0,0.0,0.0
2.24,4.46,0.52,0.14,102.26,19.9412,3.0417185103906887,0.0,0.0,0.0,0.0,1.0,0.0,1.0,0.0,0.0,0.0,0.0,0.0
48.17,2.8399999999999856,1.69,0.27,44.82,96.3487,4.578299377851284,1.0,0.0,0.0,0.0,0.0,1.0,0.0,1.0,0.0,0.0,0.0,0.0
41.96,2.21,1.22,0.19,80.28,68.65440000000001,4.243545871238381,0.0,0.0,0.0,0.0,0.0,1.0,1.0,0.0,0.0,1.0,0.0,0.0
35.1,2.17,0.7,0.31,86.57,53.5767,3.9996070517447246,0.0,0.0,0.0,0.0,1.0,0.0,0.0,0.0,1.0,1.0,0.0,0.0
21.04,2.36,0.85,0.2,72.41,34.726,3.575878715026693,0.0,0.0,0.0,0.0,1.0,0.0,1.0,0.0,0.0,1.0,0.0,0.0
9.49,3.74,1.9,0.48,46.08,43.8894,3.804201686698723,1.0,0.0,0.0,0.0,0.0,0.0,0.0,0.0,0.0,1.0,0.0,0.0
8.67,4.79,1.79,0.46,71.36,53.1349,3.9914790795273882,0.0,1.0,0.0,0.0,1.0,0.0,0.0,0.0,0.0,1.0,0.0,0.0
13.26,3.49,1.56,0.33,44.36,38.814400000000006,3.684228655898509,0.0,1.0,0.0,0.0,1.0,0.0,0.0,1.0,0.0,0.0,0.0,0.0
27.91,4.53,1.22,0.24,14.650000000000023,42.0962,3.763434826169395,0.0,1.0,0.0,0.0,0.0,1.0,1.0,0.0,0.0,0.0,0.0,0.0
36.02,3.34,1.28,0.24999999999999997,119.17,79.2381,4.384998464410218,0.0,1.0,0.0,0.0,0.0,1.0,1.0,0.0,0.0,0.0,0.0,0.0
33.35,4.13,1.96,0.26,19.63,74.59979999999999,4.325453637679343,1.0,0.0,0.0,0.0,1.0,0.0,0.0,0.0,0.0,0.0,0.0,0.0
14.72,4.2,1.95,0.39,13.32,38.0988,3.6660917759832716,0.0,1.0,0.0,0.0,1.0,0.0,1.0,0.0,0.0,0.0,0.0,0.0
47.79,2.52,0.82,0.28,106.03,71.3962,4.282153811826377,0.0,0.0,0.0,1.0,0.0,1.0,1.0,0.0,0.0,0.0,0.0,0.0
37.16,3.08,1.72,0.44,39.71,84.4676,4.448137356755595,0.0,0.0,0.0,0.0,0.0,1.0,1.0,0.0,0.0,0.0,0.0,1.0
28.16,3.91,0.8,0.48,79.78,64.7324,4.18559195461666,0.0,1.0,0.0,0.0,0.0,1.0,0.0,0.0,1.0,0.0,0.0,0.0
30.969999999999995,2.21,0.82,0.23,42.84,37.4586,3.6495823380420265,1.0,0.0,0.0,0.0,1.0,0.0,0.0,1.0,0.0,0.0,0.0,0.0
13.14,3.6,1.11,0.14,35.14,23.105000000000004,3.1824192878575857,0.0,0.0,0.0,1.0,1.0,0.0,1.0,0.0,0.0,0.0,0.0,0.0
18.44,4.99,1.9,0.18,44.45,48.027,3.892371166762789,0.0,0.0,0.0,0.0,1.0,0.0,1.0,0.0,0.0,1.0,0.0,0.0
38.13,3.42,0.63,0.27,52.23,41.544,3.750538834500664,0.0,0.0,0.0,1.0,1.0,0.0,0.0,0.0,0.0,1.0,0.0,0.0
1.71,4.45,1.27,0.18,87.85,22.4347,3.1542178299272523,0.0,1.0,0.0,0.0,1.0,0.0,0.0,0.0,0.0,0.0,0.0,0.0
6.69,3.3,1.88,0.45,63.83000000000002,44.6007,3.81992306727971,0.0,0.0,1.0,0.0,1.0,0.0,1.0,0.0,0.0,0.0,0.0,0.0
3.25,4.39,1.86,0.16,113.50999999999999,28.5966,3.387659489867676,0.0,0.0,1.0,0.0,1.0,0.0,0.0,1.0,0.0,0.0,0.0,0.0
3.0,3.79,0.73,0.28,9.82,8.729600000000001,2.2751727853837083,0.0,0.0,0.0,0.0,1.0,0.0,1.0,0.0,0.0,0.0,0.0,0.0
42.92,4.66,1.05,0.34,62.85,71.095,4.277984693758611,0.0,1.0,0.0,0.0,1.0,0.0,0.0,0.0,0.0,0.0,0.0,0.0
35.48,3.23,1.43,0.38,72.19,81.39859999999999,4.411568446479827,0.0,0.0,0.0,0.0,1.0,0.0,1.0,0.0,0.0,0.0,0.0,0.0
116.66768073006573,3.81,0.74,0.25,110.82,248.29520891209057,5.518637772182348,0.0,1.0,0.0,0.0,1.0,0.0,0.0,0.0,0.0,0.0,0.0,0.0
5.79,3.89,1.95,0.45,10.65,19.973,3.0432358961979578,0.0,1.0,0.0,0.0,1.0,0.0,0.0,1.0,0.0,0.0,0.0,0.0
25.09,3.25,1.87,0.33,70.95,73.5818,4.311896509616305,0.0,1.0,0.0,0.0,0.0,1.0,0.0,1.0,0.0,0.0,1.0,0.0
24.2,2.43,0.75,0.28,103.17,49.4676,3.921331546219708,0.0,0.0,0.0,0.0,1.0,0.0,1.0,0.0,0.0,0.0,1.0,0.0
9.49,2.28,0.68,0.13,32.82,12.9998,2.639043043798931,1.0,0.0,0.0,0.0,1.0,0.0,0.0,1.0,0.0,0.0,0.0,0.0
22.26,2.0500000000000043,0.63,0.29,105.77,46.7471,3.865918332098124,1.0,0.0,0.0,0.0,1.0,0.0,0.0,1.0,0.0,0.0,0.0,0.0
20.530000000000005,4.62,1.86,0.43,7.19,45.89750000000001,3.8479643691274257,1.0,0.0,0.0,0.0,0.0,0.0,1.0,0.0,0.0,0.0,0.0,0.0
31.18,2.71,0.79,0.35,89.23,58.5727,4.08719741544139,0.0,0.0,0.0,0.0,1.0,0.0,0.0,1.0,0.0,0.0,0.0,0.0
32.12,2.63,1.12,0.43,112.31,86.89770000000001,4.4761736382509545,0.0,0.0,0.0,0.0,1.0,0.0,0.0,0.0,0.0,1.0,0.0,0.0
3.22,4.21,1.17,0.3,80.58,32.151399999999995,3.50108494801764,0.0,0.0,0.0,0.0,1.0,0.0,0.0,1.0,0.0,0.0,0.0,0.0
19.36,2.96,1.4,0.15,55.49,38.3875,3.673448507083393,0.0,0.0,1.0,0.0,1.0,0.0,0.0,1.0,0.0,1.0,0.0,0.0
31.67,3.52,0.61,0.11,10.16,23.9563,3.217126295333523,0.0,1.0,0.0,0.0,1.0,0.0,1.0,0.0,0.0,0.0,0.0,0.0
25.65,2.49,0.84,0.22,110.81,48.4142,3.900237832280928,1.0,0.0,0.0,0.0,1.0,0.0,0.0,1.0,0.0,0.0,1.0,0.0
42.97,4.88,1.9,0.38,59.08,108.9734,4.700238518367867,0.0,0.0,0.0,0.0,0.0,1.0,1.0,0.0,0.0,0.0,0.0,0.0
33.28,4.55,1.86,0.42,8.33,69.9494,4.2619669469106745,0.0,0.0,0.0,1.0,1.0,0.0,0.0,1.0,0.0,1.0,0.0,0.0
8.98,4.59,1.67,0.22,84.33,38.1392,3.667124522310907,1.0,0.0,0.0,0.0,0.0,0.0,0.0,0.0,0.0,0.0,0.0,0.0
4.46,3.22,0.53,0.3,60.41,23.7068,3.207078509388562,0.0,0.0,0.0,0.0,0.0,1.0,0.0,1.0,0.0,0.0,0.0,0.0
32.48,4.29,0.99,0.27,19.3,41.65619999999999,3.753172632657474,1.0,0.0,0.0,0.0,1.0,0.0,1.0,0.0,0.0,0.0,0.0,0.0
2.3,2.43,1.44,0.26,29.64,13.4484,2.670583681784195,0.0,0.0,1.0,0.0,0.0,1.0,1.0,0.0,0.0,0.0,0.0,0.0
29.699999999999996,2.03,0.91,0.19,12.42,31.4168,3.4786768069325267,0.0,0.0,0.0,0.0,1.0,0.0,0.0,1.0,0.0,1.0,0.0,0.0
47.07,2.06,1.86,0.15,71.04,100.2662,4.617752693188014,0.0,1.0,0.0,0.0,1.0,0.0,0.0,1.0,0.0,1.0,0.0,0.0
29.2,3.76,1.45,0.18,76.53,59.87539999999999,4.108829152223055,0.0,0.0,0.0,0.0,1.0,0.0,0.0,0.0,0.0,1.0,0.0,0.0
20.02,3.37,0.61,0.12,63.16,23.1614,3.184756318407618,0.0,0.0,1.0,0.0,1.0,0.0,0.0,0.0,0.0,0.0,0.0,0.0
32.52,3.55,1.86,0.18,98.97,81.85180000000001,4.417053469647429,0.0,1.0,0.0,0.0,1.0,0.0,0.0,1.0,0.0,1.0,0.0,0.0
23.45,2.02,1.94,0.1,104.02,57.915,4.076095727165304,0.0,0.0,0.0,0.0,1.0,0.0,0.0,0.0,1.0,0.0,0.0,0.0
27.74,3.2700000000000067,0.62,0.35,75.8,46.9988,3.8711760105953856,0.0,0.0,0.0,0.0,1.0,0.0,1.0,0.0,0.0,0.0,0.0,0.0
47.13,4.15,1.3,0.23,6.47,66.90710000000001,4.218140594635611,1.0,0.0,0.0,0.0,1.0,0.0,1.0,0.0,0.0,0.0,0.0,0.0
19.92,3.33,0.96,0.49,84.95,64.0787,4.175597306736452,0.0,1.0,0.0,0.0,1.0,0.0,1.0,0.0,0.0,0.0,0.0,0.0
45.36,2.7,0.77,0.24,70.04,54.436800000000005,4.015243633158061,0.0,0.0,1.0,0.0,1.0,0.0,0.0,1.0,0.0,0.0,0.0,0.0
10.59,4.44,1.3700000000000006,0.24,79.64,38.0619,3.6651475673786544,0.0,1.0,0.0,0.0,1.0,0.0,0.0,1.0,0.0,0.0,0.0,0.0
4.4,3.77,1.94,0.1,45.28,16.834,2.8811067477126877,0.0,1.0,0.0,0.0,0.0,1.0,1.0,0.0,0.0,1.0,0.0,0.0
5.94,2.63,1.25,0.44,110.47,58.6618,4.088691949600292,0.0,0.0,1.0,0.0,1.0,0.0,1.0,0.0,0.0,0.0,0.0,0.0
1.89,2.71,0.62,0.11,20.41,6.1269,1.9638763572721452,0.0,1.0,0.0,0.0,0.0,1.0,1.0,0.0,0.0,0.0,0.0,0.0
5.63,3.88,1.43,0.47999999999999987,82.22,51.39649999999999,3.958839795203055,1.0,0.0,0.0,0.0,1.0,0.0,1.0,0.0,0.0,0.0,0.0,0.0
34.47,4.49,1.01,0.46,5.5,41.834700000000005,3.7573485217729456,0.0,0.0,0.0,0.0,1.0,0.0,0.0,0.0,0.0,0.0,0.0,0.0
4.49,3.25,1.78,0.31,111.33,45.75449999999999,3.8449105077868104,0.0,1.0,0.0,0.0,1.0,0.0,1.0,0.0,0.0,0.0,0.0,0.0
16.63,2.77,1.15,0.32,17.94,27.6353,3.354640222480307,1.0,0.0,0.0,0.0,0.0,0.0,0.0,1.0,0.0,0.0,0.0,0.0
42.4,4.6,0.79,0.36,15.91,43.823600000000006,3.8027347864323398,0.0,0.0,0.0,0.0,0.0,0.0,1.0,0.0,0.0,0.0,0.0,1.0
2.14,4.01,0.79,0.25,43.3,16.525599999999997,2.8636626691391527,0.0,0.0,0.0,0.0,0.0,1.0,0.0,0.0,0.0,0.0,0.0,0.0
40.91,3.34,1.65,0.36,47.96,88.1071,4.489839017048376,0.0,0.0,0.0,0.0,0.0,0.0,0.0,1.0,0.0,0.0,0.0,0.0
14.81,3.46,0.9,0.12,29.64,20.3458,3.060854999010983,0.0,0.0,0.0,0.0,0.0,1.0,1.0,0.0,0.0,1.0,0.0,0.0
6.79,2.61,1.65,0.12,72.29,22.4883,3.1565024248301015,0.0,1.0,0.0,0.0,0.0,1.0,0.0,1.0,0.0,0.0,0.0,0.0
35.14,3.88,0.81,0.28,55.94,48.006600000000006,3.8919549829177718,0.0,0.0,0.0,0.0,0.0,1.0,0.0,1.0,0.0,0.0,0.0,0.0
31.82,3.08,0.98,0.32,8.93,37.1212,3.6407705578288314,0.0,0.0,0.0,1.0,0.0,1.0,0.0,0.0,0.0,1.0,0.0,0.0
44.0,4.99,1.2,0.46,41.76,76.9996,4.356703698471314,0.0,1.0,0.0,0.0,1.0,0.0,1.0,0.0,0.0,0.0,0.0,0.0
37.02,3.44,1.91,0.14,98.20000000000002,87.89620000000001,4.487469396949362,0.0,0.0,0.0,0.0,1.0,0.0,0.0,0.0,0.0,0.0,0.0,1.0
40.37,3.46,1.9,0.43,84.32,116.42059999999998,4.765762360485018,0.0,0.0,0.0,0.0,1.0,0.0,0.0,0.0,0.0,1.0,0.0,0.0
14.82,3.7,0.81,0.18,88.36,31.609,3.4845883238909847,1.0,0.0,0.0,0.0,1.0,0.0,0.0,0.0,0.0,0.0,0.0,0.0
9.69,4.75,1.04,0.26,85.28,37.0004,3.637596685986774,0.0,1.0,0.0,0.0,1.0,0.0,0.0,1.0,0.0,0.0,0.0,0.0
37.78,4.4,0.72,0.23,40.76,40.9764,3.73710755559382,0.0,0.0,1.0,0.0,0.0,1.0,0.0,1.0,0.0,0.0,0.0,0.0
40.53,3.35,1.26,0.26,16.46,58.6974,4.089288468361403,0.0,0.0,0.0,0.0,1.0,0.0,0.0,1.0,0.0,0.0,0.0,0.0
49.53,4.16,1.19,0.16,36.33,68.9135,4.247258763639189,0.0,1.0,0.0,0.0,1.0,0.0,0.0,1.0,0.0,0.0,0.0,0.0
21.22,3.76,1.85,0.3,100.66,73.21499999999999,4.306966286076728,0.0,1.0,0.0,0.0,1.0,0.0,0.0,1.0,0.0,0.0,0.0,0.0
19.23,3.48,1.9,0.42,117.75,89.472,4.505040410569026,0.0,1.0,0.0,0.0,1.0,0.0,0.0,1.0,0.0,0.0,0.0,0.0
39.04,2.5799999999999983,1.08,0.28,61.79,62.0444,4.143839240068244,0.0,0.0,0.0,0.0,1.0,0.0,0.0,1.0,0.0,0.0,0.0,0.0
17.7,3.39,1.24,0.3,6.12,27.174,3.338399566838115,0.0,0.0,0.0,0.0,0.0,1.0,0.0,1.0,0.0,0.0,0.0,0.0
46.61,2.74,1.84,0.44,21.11,97.7908,4.59300448300922,1.0,0.0,0.0,0.0,1.0,0.0,0.0,0.0,0.0,0.0,0.0,0.0
43.06,4.74,1.71,0.38,42.04,94.3478,4.55753125889089,0.0,0.0,0.0,0.0,0.0,0.0,1.0,0.0,0.0,0.0,0.0,0.0
37.79,4.86,0.98,0.2,13.64,44.6222,3.8203944401564347,0.0,0.0,0.0,0.0,0.0,0.0,0.0,1.0,0.0,0.0,0.0,0.0
37.97,3.6,1.13,0.45,113.49,97.57659999999998,4.590833910927932,1.0,0.0,0.0,0.0,1.0,0.0,0.0,0.0,0.0,1.0,0.0,0.0
6.05,3.89,0.84,0.33,46.98,24.4754,3.237713280653821,0.0,1.0,0.0,0.0,1.0,0.0,0.0,1.0,0.0,0.0,0.0,0.0
45.23,3.63,0.8,0.19,109.95,60.7045,4.1223568618012525,0.0,1.0,0.0,0.0,0.0,0.0,1.0,0.0,0.0,0.0,0.0,0.0
25.76,2.39,0.56,0.21,94.76,36.7152,3.6300631962214025,0.0,1.0,0.0,0.0,1.0,0.0,0.0,0.0,0.0,0.0,0.0,0.0
41.5,3.13,1.47,0.42,91.88,102.72459999999998,4.641739309860568,1.0,0.0,0.0,0.0,1.0,0.0,1.0,0.0,0.0,0.0,0.0,0.0
16.68,2.3,0.89,0.12,74.77,26.1176,3.300182963581009,0.0,0.0,0.0,0.0,1.0,0.0,0.0,0.0,0.0,1.0,0.0,0.0
44.88,3.87,0.58,0.5,77.08,68.4404,4.240468830704168,0.0,0.0,0.0,0.0,1.0,0.0,0.0,1.0,0.0,0.0,0.0,0.0
20.07,3.34,0.85,0.15,78.37,32.155,3.501193534820831,1.0,0.0,0.0,0.0,1.0,0.0,0.0,1.0,0.0,0.0,1.0,0.0
45.36,2.66,1.78,0.26,68.68,101.2576,4.627495119789112,0.0,0.0,0.0,0.0,0.0,1.0,0.0,1.0,0.0,1.0,0.0,0.0
5.47,2.49,1.22,0.29999999999999993,118.44,44.69539999999999,3.8219976363788155,0.0,0.0,0.0,1.0,1.0,0.0,1.0,0.0,0.0,0.0,0.0,0.0
104.37179088913676,3.22,1.12,0.45,89.21,206.50865196831717,5.335173035034343,0.0,0.0,0.0,1.0,1.0,0.0,1.0,0.0,0.0,1.0,0.0,0.0
47.55,4.78,1.97,0.27,94.35,123.928,4.827737571350573,0.0,1.0,0.0,0.0,1.0,0.0,1.0,0.0,0.0,0.0,0.0,0.0
47.58,4.13,0.8,0.31,105.33,74.8463,4.328708924116929,0.0,1.0,0.0,0.0,1.0,0.0,1.0,0.0,0.0,0.0,0.0,0.0
29.1,3.26,0.82,0.12,29.8,30.698,3.4562535874102336,0.0,1.0,0.0,0.0,1.0,0.0,0.0,0.0,0.0,0.0,0.0,0.0
31.96,3.55,0.94,0.09999999999999966,14.64,35.0564,3.585084379180816,0.0,0.0,0.0,0.0,1.0,0.0,0.0,0.0,0.0,0.0,0.0,0.0
22.97,2.25,0.76,0.2,60.53,31.8132,3.4908308734576234,0.0,0.0,1.0,0.0,0.0,1.0,1.0,0.0,0.0,1.0,0.0,0.0
15.37,4.95,1.07,0.37,64.12,45.1203,3.831253200149867,0.0,1.0,0.0,0.0,1.0,0.0,0.0,0.0,1.0,0.0,0.0,0.0
17.1,4.0,1.87,0.15,100.36,51.031000000000006,3.95183969479847,0.0,1.0,0.0,0.0,1.0,0.0,1.0,0.0,0.0,0.0,0.0,0.0
33.95,2.86,1.42,0.15,56.03999999999999,59.475,4.102230056496091,0.0,0.0,0.0,0.0,1.0,0.0,0.0,1.0,0.0,1.0,0.0,0.0
37.87,3.76,1.12,0.26,70.65,64.5434,4.182712518641627,0.0,0.0,1.0,0.0,1.0,0.0,0.0,0.0,0.0,0.0,0.0,0.0
39.79,2.33,1.9,0.36,65.61000000000001,101.5506,4.630356335305759,0.0,0.0,0.0,0.0,1.0,0.0,0.0,0.0,0.0,0.0,1.0,0.0
39.69,4.9,0.57,0.38,9.390000000000002,31.0915,3.4685911975631316,0.0,0.0,0.0,0.0,1.0,0.0,0.0,1.0,0.0,1.0,0.0,0.0
5.47,2.52,0.82,0.17,75.75,19.8829,3.038930642259158,0.0,1.0,0.0,0.0,0.0,1.0,0.0,1.0,0.0,0.0,0.0,0.0
25.23,3.94,1.35,0.13,100.22,51.0291,3.951803177439747,0.0,1.0,0.0,0.0,1.0,0.0,1.0,0.0,0.0,1.0,0.0,0.0
27.93,4.15,0.56,0.2,73.35,34.4608,3.5684278610232725,0.0,0.0,1.0,0.0,0.0,1.0,1.0,0.0,0.0,0.0,0.0,0.0
44.5,4.02,1.47,0.45,23.88,80.18099999999998,4.396681229639883,0.0,0.0,1.0,0.0,0.0,1.0,0.0,1.0,0.0,0.0,0.0,0.0
18.19,3.84,1.55,0.41,19.2,39.9065,3.7112889746270215,0.0,0.0,0.0,0.0,1.0,0.0,0.0,1.0,0.0,1.0,0.0,0.0
6.74,4.68,1.46,0.17,117.71,34.5311,3.5704083693060147,1.0,0.0,0.0,0.0,0.0,1.0,1.0,0.0,0.0,1.0,0.0,0.0
8.01,2.240000000000002,0.98,0.43,50.28,31.7102,3.487686955869723,0.0,0.0,0.0,0.0,1.0,0.0,0.0,0.0,0.0,0.0,0.0,0.0
38.31,2.99,0.64,0.41,31.15,40.2799,3.720375698689753,0.0,0.0,0.0,0.0,0.0,1.0,1.0,0.0,0.0,0.0,0.0,0.0
31.29,2.74,1.14,0.34,24.7,46.8086,3.867205539632402,0.0,0.0,0.0,0.0,0.0,1.0,0.0,1.0,0.0,0.0,1.0,0.0
5.96,4.96,0.69,0.23,81.77,27.8795,3.3631320008553627,0.0,0.0,0.0,0.0,1.0,0.0,1.0,0.0,0.0,0.0,0.0,0.0
5.12,3.17,1.92,0.21,75.09,28.7693,3.393477661146936,0.0,1.0,0.0,0.0,0.0,1.0,1.0,0.0,0.0,0.0,0.0,0.0
35.35,4.2,1.21,0.15,79.01,58.825,4.091423633794437,0.0,1.0,0.0,0.0,1.0,0.0,0.0,1.0,0.0,0.0,0.0,0.0
4.57,4.05,0.98,0.3,15.12,13.0646,2.64366100214886,0.0,0.0,0.0,1.0,1.0,0.0,0.0,1.0,0.0,1.0,0.0,0.0
41.27,2.64,1.65,0.33,107.76,106.2963,4.675594166283489,1.0,0.0,0.0,0.0,1.0,0.0,1.0,0.0,0.0,0.0,0.0,0.0
35.61,2.72,1.25,0.24,49.77,59.1773,4.097295204791628,0.0,1.0,0.0,0.0,1.0,0.0,1.0,0.0,0.0,1.0,0.0,0.0
4.990000000000003,2.84,0.97,0.29,41.04,19.5819,3.0244120487877737,0.0,0.0,0.0,0.0,1.0,0.0,0.0,1.0,0.0,0.0,0.0,1.0
5.16,3.23,1.72,0.25,58.17,26.6477,3.3195425418683313,0.0,0.0,1.0,0.0,1.0,0.0,0.0,1.0,0.0,0.0,0.0,0.0
49.35,2.7,1.8,0.36,49.86,109.4796,4.704830888529674,0.0,1.0,0.0,0.0,1.0,0.0,0.0,0.0,1.0,0.0,0.0,0.0
19.34,2.06,1.51,0.46,104.31,79.24600000000001,4.3850969165311,0.0,0.0,0.0,0.0,0.0,1.0,1.0,0.0,0.0,0.0,0.0,1.0
19.16,4.64,0.57,0.16999999999999996,111.87,34.5791,3.5717583868081504,0.0,0.0,0.0,0.0,0.0,1.0,1.0,0.0,0.0,0.0,0.0,0.0
40.83,4.9,1.35,0.2499999999999997,39.9,69.99549999999999,4.26261649475101,1.0,0.0,0.0,0.0,1.0,0.0,1.0,0.0,0.0,1.0,0.0,0.0
47.42,3.02,1.64,0.16,104.35,97.4848,4.589902221549489,0.0,1.0,0.0,0.0,1.0,0.0,1.0,0.0,0.0,1.0,0.0,0.0
49.31000000000002,3.02,0.7,0.35,94.88,70.745,4.27311816580037,0.0,0.0,0.0,0.0,1.0,0.0,0.0,1.0,0.0,0.0,0.0,0.0
37.92,2.02,0.84,0.39,112.04,77.56840000000001,4.363969582973763,1.0,0.0,0.0,0.0,1.0,0.0,0.0,1.0,0.0,1.0,0.0,0.0
19.44,4.04,1.82,0.47,33.26,55.053,4.0262976717254375,0.0,0.0,1.0,0.0,1.0,0.0,1.0,0.0,0.0,0.0,0.0,1.0
39.08,2.44,1.63,0.48000000000000026,36.57,83.694,4.439044760896205,0.0,0.0,0.0,0.0,1.0,0.0,1.0,0.0,0.0,0.0,0.0,0.0
28.36,2.48,1.21,0.13,99.77,49.7657,3.927220929685992,0.0,0.0,0.0,1.0,0.0,1.0,0.0,0.0,0.0,0.0,0.0,0.0
21.79,4.37,1.17,0.34,5.61,31.7717,3.4895653380816816,1.0,0.0,0.0,0.0,1.0,0.0,0.0,0.0,0.0,0.0,0.0,0.0
45.41,3.85,0.51,0.12,69.95,35.4031,3.5946539358515412,0.0,0.0,0.0,0.0,1.0,0.0,1.0,0.0,0.0,0.0,0.0,0.0
6.45,2.13,1.73,0.46,44.01,33.5331,3.5419182843776893,0.0,1.0,0.0,0.0,1.0,0.0,1.0,0.0,0.0,0.0,0.0,0.0
25.14,3.87,1.04,0.31,42.11,43.069700000000005,3.7857724714787855,0.0,0.0,1.0,0.0,1.0,0.0,0.0,0.0,0.0,1.0,0.0,0.0
1.56,2.93,1.31,0.37,79.16,34.2628,3.562828583913336,0.0,0.0,0.0,0.0,1.0,0.0,0.0,0.0,0.0,0.0,0.0,0.0
23.96,3.11,1.52,0.43,102.92,83.7848,4.440116281448483,0.0,0.0,0.0,0.0,1.0,0.0,0.0,0.0,1.0,0.0,0.0,0.0
3.76,4.31,1.55,0.16,75.06,22.1476,3.1418911034516968,0.0,1.0,0.0,0.0,1.0,0.0,0.0,0.0,1.0,0.0,0.0,0.0
6.82,4.43,1.93,0.12,103.11,29.965799999999994,3.4328833696771524,0.0,0.0,0.0,0.0,1.0,0.0,1.0,0.0,0.0,0.0,0.0,1.0
6.76,3.2,1.3,0.45,35.43,27.9315,3.364930966935309,0.0,0.0,0.0,0.0,0.0,1.0,0.0,1.0,0.0,0.0,0.0,0.0
32.81,4.84,1.1000000000000003,0.23,64.74,55.82120000000001,4.039909495527214,0.0,0.0,0.0,0.0,0.0,1.0,1.0,0.0,0.0,0.0,0.0,0.0
37.56,3.22,1.93,0.15,56.81,84.23230000000001,4.445380469973217,0.0,1.0,0.0,0.0,1.0,0.0,1.0,0.0,0.0,0.0,0.0,1.0
29.59,4.32,1.46,0.29,6.34,49.36,3.9191972091761462,0.0,0.0,0.0,0.0,1.0,0.0,0.0,1.0,0.0,1.0,0.0,0.0
48.15,3.45,0.95,0.34,69.03,72.6627,4.299496565246041,0.0,0.0,1.0,0.0,1.0,0.0,1.0,0.0,0.0,0.0,0.0,0.0
19.37,4.69,0.69,0.11,81.08,26.9741,3.3312790820987033,0.0,1.0,0.0,0.0,1.0,0.0,0.0,1.0,0.0,0.0,0.0,0.0
15.0,4.72,1.76,0.21,73.07,46.46469999999999,3.8599862768671427,0.0,0.0,1.0,0.0,1.0,0.0,1.0,0.0,0.0,0.0,1.0,0.0
43.56,2.26,1.04,0.11,89.67,57.426100000000005,4.067762707804382,0.0,0.0,0.0,0.0,1.0,0.0,1.0,0.0,0.0,1.0,0.0,0.0
11.96,4.81,1.49,0.27,70.7,41.71940000000001,3.754653149609488,1.0,0.0,0.0,0.0,1.0,0.0,0.0,1.0,0.0,0.0,1.0,0.0
48.2,4.48,1.21,0.46,12.68,68.63480000000001,4.243264442382025,0.0,0.0,0.0,1.0,1.0,0.0,1.0,0.0,0.0,0.0,0.0,0.0
1.5999999999999992,4.37,0.8,0.49,18.39,14.6611,2.751179930752207,0.0,0.0,0.0,0.0,1.0,0.0,0.0,0.0,0.0,0.0,0.0,0.0
48.52,2.6,1.4,0.35,73.59,96.2845,4.577639675371662,1.0,0.0,0.0,0.0,0.0,1.0,0.0,1.0,0.0,0.0,0.0,1.0
3.11,4.42,0.59,0.16,36.62,12.1141,2.5736879872508167,1.0,0.0,0.0,0.0,0.0,1.0,1.0,0.0,0.0,0.0,0.0,0.0
44.67,4.55,1.12,0.46,14.16,61.09400000000001,4.128649365914091,0.0,0.0,0.0,0.0,0.0,1.0,0.0,1.0,0.0,1.0,0.0,0.0
26.86,2.87,1.32,0.31,54.4,55.1892,4.0287245676139625,0.0,0.0,0.0,0.0,1.0,0.0,1.0,0.0,0.0,0.0,0.0,0.0
49.66,4.86,1.15,0.16,68.75,72.969,4.303646086514207,0.0,0.0,0.0,0.0,0.0,1.0,0.0,0.0,0.0,0.0,0.0,0.0
4.62,2.15,1.62,0.47,42.81,29.7551,3.426055834158866,1.0,0.0,0.0,0.0,1.0,0.0,1.0,0.0,0.0,0.0,0.0,0.0
28.14,2.45,1.74,0.4,87.85,86.5536,4.472251177246848,1.0,0.0,0.0,0.0,0.0,1.0,0.0,1.0,0.0,0.0,0.0,0.0
48.5,3.61,1.66,0.39,79.03,114.9417,4.753087478560688,1.0,0.0,0.0,0.0,1.0,0.0,1.0,0.0,0.0,0.0,0.0,0.0
26.63,3.73,0.56,0.38,43.27,35.08540000000001,3.5858883514011395,0.0,0.0,0.0,0.0,0.0,1.0,0.0,1.0,0.0,0.0,0.0,0.0
31.84,3.94,0.79,0.18,91.81,45.6194,3.842016763511922,1.0,0.0,0.0,0.0,1.0,0.0,0.0,0.0,0.0,0.0,1.0,0.0
107.78683195771164,2.05,1.3,0.18,79.6,322.7259960920446,5.779897466919958,0.0,1.0,0.0,0.0,0.0,1.0,0.0,0.0,0.0,0.0,0.0,0.0
23.27,4.88,1.9,0.38,78.31,78.85079999999999,4.380159893396056,0.0,0.0,0.0,0.0,0.0,1.0,1.0,0.0,0.0,0.0,0.0,0.0
31.75,2.13,1.75,0.19,68.64,70.7341,4.272966227294749,0.0,1.0,0.0,0.0,1.0,0.0,0.0,0.0,1.0,1.0,0.0,0.0
29.63,2.43,1.76,0.28,6.31,56.345600000000005,4.049096118748932,0.0,0.0,0.0,0.0,1.0,0.0,0.0,0.0,0.0,0.0,0.0,0.0
45.16,2.04,0.95,0.41,85.1,79.833,4.392385297989586,0.0,0.0,0.0,0.0,0.0,1.0,0.0,0.0,0.0,0.0,0.0,0.0
3.23,3.7,1.14,0.41,48.24,27.1606,3.3379238378810365,0.0,0.0,0.0,0.0,1.0,0.0,1.0,0.0,0.0,1.0,0.0,0.0
14.77,4.8,1.21,0.28,113.4,54.42370000000001,4.015007300107769,0.0,0.0,0.0,0.0,0.0,1.0,0.0,1.0,0.0,0.0,0.0,0.0
47.57,4.0,0.74,0.42,99.07,80.81119999999999,4.40441415355151,0.0,0.0,0.0,0.0,1.0,0.0,1.0,0.0,0.0,1.0,0.0,0.0
44.62,4.47,0.55,0.44,72.58,60.9462,4.126266266403636,0.0,0.0,0.0,1.0,1.0,0.0,0.0,0.0,0.0,1.0,0.0,0.0
23.33,2.04,1.92,0.36000000000000004,34.0,59.0736,4.095570477147906,0.0,1.0,0.0,0.0,1.0,0.0,1.0,0.0,0.0,0.0,1.0,0.0
31.39,3.63,0.86,0.19,28.43,36.0271,3.6116500769789237,0.0,0.0,0.0,0.0,1.0,0.0,1.0,0.0,0.0,0.0,0.0,0.0
14.59,3.380000000000001,0.86,0.21,44.14,25.1968,3.265637265903091,0.0,1.0,0.0,0.0,0.0,1.0,0.0,1.0,0.0,0.0,0.0,0.0
10.22,3.5,0.63,0.23,59.81,23.694900000000004,3.2065967445816765,0.0,1.0,0.0,0.0,1.0,0.0,0.0,0.0,1.0,0.0,0.0,0.0
23.72,2.22,1.89,0.15,39.05,52.9083,3.987284454928157,0.0,0.0,0.0,0.0,1.0,0.0,0.0,1.0,0.0,0.0,0.0,0.0
18.31,4.05,1.37,0.21,64.22,42.6209,3.7755363932979074,0.0,0.0,0.0,0.0,1.0,0.0,0.0,1.0,0.0,1.0,0.0,0.0
29.6,3.51,1.5,0.18,24.02,52.2336,3.974689775932921,0.0,0.0,0.0,0.0,1.0,0.0,1.0,0.0,0.0,0.0,0.0,0.0
4.81,4.3,1.87,0.28,117.44,46.1779,3.853925562603156,0.0,0.0,0.0,0.0,0.0,1.0,1.0,0.0,0.0,0.0,0.0,0.0
48.75,3.46,1.02,0.46,17.41,61.1936,4.1302521005605195,0.0,0.0,0.0,0.0,0.0,1.0,0.0,1.0,0.0,1.0,0.0,0.0
49.32,2.45,1.43,0.14,112.17,88.6814,4.496263389703605,1.0,0.0,0.0,0.0,1.0,0.0,1.0,0.0,0.0,0.0,0.0,0.0
35.21,3.94,0.56,0.39,110.06,66.581,4.213326878453966,0.0,0.0,0.0,0.0,0.0,1.0,0.0,1.0,0.0,0.0,0.0,0.0
27.27,2.52,0.78,0.37,65.42,47.996,3.891738662125439,0.0,0.0,0.0,0.0,0.0,1.0,0.0,0.0,0.0,0.0,0.0,0.0
16.17,4.62,1.75,0.14,88.36000000000004,45.28790000000001,3.8348805878443044,0.0,0.0,0.0,1.0,1.0,0.0,0.0,1.0,0.0,1.0,0.0,0.0
40.88,3.8400000000000105,1.65,0.47,55.15,97.2125,4.58713349850194,0.0,0.0,0.0,0.0,0.0,1.0,1.0,0.0,0.0,0.0,0.0,0.0
8.97,4.89,1.07,0.25,44.17,25.5304,3.2782912453070012,0.0,0.0,0.0,0.0,1.0,0.0,1.0,0.0,0.0,0.0,0.0,0.0
45.64,3.56,1.3,0.4,39.63,78.744,4.378821503724933,0.0,0.0,0.0,0.0,0.0,1.0,0.0,0.0,1.0,1.0,0.0,0.0
41.3,2.22,0.5000000000000001,0.2,71.5,37.17,3.6420498667571386,0.0,0.0,0.0,0.0,1.0,0.0,0.0,1.0,0.0,1.0,0.0,0.0
47.54,3.88,0.86,0.38,62.28000000000002,68.4308,4.240330573095458,0.0,0.0,0.0,0.0,0.0,1.0,0.0,1.0,0.0,0.0,0.0,0.0
36.56,2.76,0.81,0.12,71.64999999999999,40.9716,3.7369931990872867,1.0,0.0,0.0,0.0,0.0,1.0,1.0,0.0,0.0,0.0,0.0,0.0
31.06,4.41,0.88,0.44,37.97,48.4496,3.900953969057239,1.0,0.0,0.0,0.0,1.0,0.0,1.0,0.0,0.0,0.0,0.0,0.0
21.49,4.45,1.71,0.28,47.2,54.4139,4.014830464809539,1.0,0.0,0.0,0.0,0.0,1.0,1.0,0.0,0.0,1.0,0.0,0.0
46.7,4.94,0.92,0.35,14.65,53.0315,3.989567209824855,0.0,0.0,1.0,0.0,1.0,0.0,0.0,1.0,0.0,0.0,0.0,0.0
43.44,3.51,0.79,0.19,11.01,39.9195,3.711606722044942,0.0,1.0,0.0,0.0,1.0,0.0,1.0,0.0,0.0,0.0,0.0,0.0
3.22,3.36,1.260000000000001,0.37,34.15,20.0527,3.0470288179362606,0.0,1.0,0.0,0.0,1.0,0.0,0.0,0.0,1.0,0.0,0.0,0.0
2.29,4.26,1.8,0.41,13.54,13.9334,2.703600315028579,0.0,1.0,0.0,0.0,0.0,1.0,1.0,0.0,0.0,0.0,0.0,0.0
19.45,2.4,0.86,0.29,16.93,24.0367,3.2203427484095664,0.0,0.0,0.0,0.0,1.0,0.0,0.0,0.0,0.0,0.0,0.0,0.0
40.72,3.64,0.62,0.35,98.49,63.3579,4.164459692629758,1.0,0.0,0.0,0.0,1.0,0.0,0.0,0.0,0.0,0.0,0.0,0.0
49.38,3.64,1.03,0.28,9.47,57.153000000000006,4.06307746834759,0.0,1.0,0.0,0.0,1.0,0.0,1.0,0.0,0.0,0.0,0.0,0.0
8.37,2.27,1.62,0.45999999999999996,80.78,52.9882,3.9887655041671057,0.0,0.0,1.0,0.0,0.0,1.0,1.0,0.0,0.0,1.0,0.0,0.0
30.11,3.25,1.33,0.3,36.34,54.1983,4.01093215570736,0.0,1.0,0.0,0.0,1.0,0.0,0.0,1.0,0.0,0.0,0.0,0.0
19.66,4.56,1.73,0.44,105.23,84.873,4.452869460606094,0.0,0.0,1.0,0.0,1.0,0.0,1.0,0.0,0.0,0.0,0.0,0.0
48.53,4.57,1.94,0.42000000000000015,60.77,124.2416,4.830244671847695,0.0,0.0,0.0,0.0,1.0,0.0,0.0,1.0,0.0,0.0,1.0,0.0
42.26,2.3,1.69,0.26,40.14,84.1558,4.444482519879986,0.0,1.0,0.0,0.0,1.0,0.0,0.0,0.0,0.0,1.0,0.0,0.0
42.08,2.27,1.41,0.19,64.53,73.86349999999999,4.315666455324041,0.0,0.0,0.0,0.0,0.0,1.0,0.0,1.0,0.0,1.0,0.0,0.0
23.97,2.79,1.24,0.26,48.93,45.2346,3.833728435537652,0.0,1.0,0.0,0.0,1.0,0.0,0.0,0.0,0.0,0.0,0.0,0.0
21.33,4.62,0.56,0.43,69.89,46.61750000000001,3.863200340730578,0.0,1.0,0.0,0.0,1.0,0.0,1.0,0.0,0.0,0.0,0.0,0.0
14.4,2.39,1.98,0.19,18.17,34.3543,3.5654200256804494,0.0,0.0,0.0,0.0,0.0,1.0,1.0,0.0,0.0,0.0,0.0,0.0
3.76,4.16,1.08,0.31,119.65,45.31230000000001,3.8354075845584523,1.0,0.0,0.0,0.0,1.0,0.0,0.0,1.0,0.0,1.0,0.0,0.0
43.37,2.3,0.73,0.42,53.94,56.61489999999999,4.053781214805355,0.0,0.0,0.0,0.0,0.0,1.0,1.0,0.0,0.0,0.0,0.0,0.0
40.83,3.87,1.5,0.24,45.05,75.92699999999999,4.342856920220145,0.0,0.0,0.0,0.0,1.0,0.0,0.0,1.0,0.0,0.0,0.0,0.0
49.99,3.07,0.93,0.36,86.67,80.7619,4.403811364932933,0.0,0.0,0.0,0.0,0.0,1.0,1.0,0.0,0.0,0.0,0.0,0.0
139.476514583775,4.37,1.38,0.2,46.85,296.0886973121837,5.694030738366179,1.0,0.0,0.0,0.0,1.0,0.0,1.0,0.0,0.0,0.0,0.0,0.0
28.22,2.7,1.38,0.14,100.83,55.7598,4.038828328677459,0.0,1.0,0.0,0.0,1.0,0.0,0.0,0.0,0.0,0.0,0.0,0.0
38.68,3.92,1.17,0.42,57.24,73.2164,4.306985150009832,0.0,0.0,0.0,0.0,0.0,1.0,1.0,0.0,0.0,0.0,0.0,0.0
47.29,2.71,1.75,0.14,87.75,97.75249999999998,4.592616719916471,0.0,1.0,0.0,0.0,0.0,1.0,0.0,0.0,0.0,0.0,0.0,0.0
42.63,4.14,0.9,0.21,17.36,46.15260000000001,3.853389150719266,0.0,1.0,0.0,0.0,0.0,1.0,0.0,0.0,0.0,0.0,0.0,0.0
13.12,4.62,1.17,0.44,102.3,64.9824,4.189388039797881,0.0,0.0,0.0,0.0,1.0,0.0,0.0,1.0,0.0,0.0,1.0,0.0
23.08,2.38,1.31,0.24,89.61,54.1212,4.009534397150573,0.0,1.0,0.0,0.0,0.0,1.0,0.0,1.0,0.0,1.0,0.0,0.0
7.33,4.6,1.5,0.49,29.35,29.9765,3.433228852492819,0.0,0.0,0.0,0.0,0.0,1.0,0.0,1.0,0.0,1.0,0.0,0.0
47.75,3.78,1.68,0.49,21.710000000000004,94.6379,4.560569185009033,1.0,0.0,0.0,0.0,1.0,0.0,0.0,0.0,0.0,1.0,0.0,0.0
30.7,2.38,1.09,0.21,41.37,44.5307,3.8183868237068705,0.0,1.0,0.0,0.0,0.0,1.0,1.0,0.0,0.0,0.0,0.0,0.0
12.2,3.28,1.47,0.12,117.25,35.284,3.5913768727526976,0.0,0.0,0.0,0.0,0.0,1.0,0.0,1.0,0.0,0.0,0.0,0.0
33.91,2.48,0.73,0.38,34.54,40.3595,3.7223021411522463,0.0,1.0,0.0,0.0,1.0,0.0,0.0,1.0,0.0,0.0,0.0,0.0
31.29,4.1,1.9,0.28,57.45,79.637,4.389957601250081,0.0,0.0,1.0,0.0,1.0,0.0,0.0,1.0,0.0,0.0,0.0,0.0
18.55,4.28,1.07,0.14,8.449999999999973,25.3115,3.2700061059698076,0.0,0.0,0.0,0.0,1.0,0.0,0.0,1.0,0.0,0.0,0.0,0.0
6.56,2.32,1.59,0.38,50.68,32.0088,3.4967741925839113,1.0,0.0,0.0,0.0,1.0,0.0,1.0,0.0,0.0,0.0,0.0,0.0
26.5,4.44,0.81,0.45,114.61,77.4795,4.362837444186863,0.0,1.0,0.0,0.0,1.0,0.0,0.0,0.0,0.0,0.0,0.0,0.0
38.84,4.81,1.23,0.16000000000000003,64.42,62.89040000000001,4.157169115355336,0.0,0.0,0.0,0.0,1.0,0.0,1.0,0.0,0.0,0.0,0.0,0.0
26.49,3.54,1.82,0.15,99.2,66.6318,4.214078286640029,0.0,0.0,1.0,0.0,1.0,0.0,0.0,0.0,0.0,0.0,0.0,0.0
42.76,4.85,1.29,0.17,67.92,71.5568,4.2843697034010875,0.0,0.0,0.0,0.0,1.0,0.0,0.0,1.0,0.0,1.0,0.0,0.0
28.04,3.61,1.89,0.48,9.69,61.2568,4.131267766326687,1.0,0.0,0.0,0.0,0.0,1.0,0.0,0.0,0.0,0.0,0.0,0.0
28.49,3.18,1.23,0.38,41.23,53.8901,4.005333004385608,1.0,0.0,0.0,0.0,0.0,1.0,0.0,1.0,0.0,0.0,0.0,0.0
43.96,4.54,1.24,0.42,71.19,88.9502,4.499256183851546,0.0,1.0,0.0,0.0,1.0,0.0,0.0,1.0,0.0,0.0,0.0,1.0
7.57,3.42,1.7,0.23,103.8,40.163,3.7175397946071476,0.0,0.0,0.0,0.0,1.0,0.0,0.0,0.0,0.0,0.0,0.0,0.0
2.41,3.47,0.87,0.19,31.26,11.5061,2.5262165252749793,0.0,0.0,0.0,1.0,1.0,0.0,1.0,0.0,0.0,0.0,0.0,0.0
38.0,4.54,1.85,0.29,30.31,83.6299,4.438287632067231,1.0,0.0,0.0,0.0,1.0,0.0,0.0,0.0,0.0,0.0,0.0,0.0
31.4,4.5,1.87,0.32,28.13,72.2196,4.293463144688913,0.0,0.0,1.0,0.0,1.0,0.0,0.0,0.0,1.0,0.0,0.0,0.0
35.5,3.21,1.91,0.35,111.09,109.89649999999996,4.708597333894363,0.0,0.0,0.0,0.0,0.0,1.0,1.0,0.0,0.0,1.0,0.0,0.0
11.44,3.0,1.28,0.2,103.06,38.2552,3.67008391952961,0.0,1.0,0.0,0.0,0.0,1.0,1.0,0.0,0.0,1.0,0.0,0.0
7.68,3.48,1.52,0.48,94.11,60.32639999999999,4.116210419072719,1.0,0.0,0.0,0.0,1.0,0.0,0.0,1.0,0.0,0.0,0.0,0.0
1.71,3.72,1.67,0.17,50.16,15.1029,2.7789993799935995,0.0,1.0,0.0,0.0,1.0,0.0,0.0,0.0,1.0,0.0,0.0,0.0
18.18,2.72,0.7,0.49,63.0,46.316,3.8568485046834904,1.0,0.0,0.0,0.0,1.0,0.0,0.0,0.0,0.0,1.0,0.0,0.0
29.91,4.38,1.4,0.11,58.4,52.678,3.983003234145193,0.0,0.0,0.0,0.0,0.0,0.0,1.0,0.0,0.0,0.0,0.0,0.0
20.22,3.46,0.55,0.29,34.14,24.4816,3.2379566230809886,0.0,0.0,0.0,0.0,1.0,0.0,1.0,0.0,0.0,0.0,0.0,0.0
22.44,3.0,1.25,0.23,63.08,45.5584,3.8407074385715494,0.0,1.0,0.0,0.0,1.0,0.0,0.0,0.0,0.0,0.0,0.0,1.0
45.3,2.32,0.73,0.28,8.51,37.7718,3.657693178255353,0.0,0.0,0.0,0.0,0.0,1.0,0.0,1.0,0.0,1.0,0.0,0.0
18.06,2.72,0.77,0.33,20.16,23.279,3.1896117791816745,0.0,0.0,0.0,0.0,0.0,1.0,0.0,0.0,0.0,0.0,0.0,0.0
26.19,4.85,1.05,0.27,106.96,61.2287,4.13081630811706,0.0,0.0,0.0,0.0,1.0,0.0,1.0,0.0,0.0,0.0,0.0,1.0
39.4,2.92,1.15,0.27,91.44,72.9188,4.302967193435426,0.0,0.0,0.0,1.0,0.0,1.0,0.0,1.0,0.0,1.0,0.0,0.0
20.43,2.51,1.43,0.39,53.63,52.6406,3.982306244033245,1.0,0.0,0.0,0.0,1.0,0.0,0.0,1.0,0.0,0.0,0.0,0.0
31.48,3.38,0.61,0.37,64.47,46.4367,3.85939619071852,1.0,0.0,0.0,0.0,1.0,0.0,0.0,1.0,0.0,0.0,0.0,1.0
43.26,2.92,1.26,0.43,47.55,77.8741,4.36785291033669,0.0,1.0,0.0,0.0,1.0,0.0,0.0,1.0,0.0,0.0,1.0,0.0
47.53,2.11,0.77,0.2,90.19,56.7461,4.05605581465395,0.0,1.0,0.0,0.0,1.0,0.0,0.0,1.0,0.0,0.0,0.0,1.0
8.21,2.97,1.36,0.34,95.18,46.49680000000001,3.860662340350189,0.0,1.0,0.0,0.0,0.0,1.0,0.0,1.0,0.0,0.0,0.0,0.0
46.4,3.63,1.46,0.33,92.78,101.9914,4.634645489598091,0.0,0.0,0.0,0.0,1.0,0.0,1.0,0.0,0.0,0.0,0.0,0.0
25.11,3.66,1.34,0.25,88.1,59.3324,4.099869272864801,0.0,0.0,0.0,0.0,1.0,0.0,0.0,1.0,0.0,0.0,0.0,0.0
23.5,3.34,1.0,0.23,43.87,36.9301,3.6357449921328713,0.0,1.0,0.0,0.0,1.0,0.0,0.0,1.0,0.0,0.0,0.0,0.0
49.02,4.9,1.65,0.16,59.03,95.2278,4.566718297213592,0.0,0.0,0.0,0.0,0.0,1.0,1.0,0.0,0.0,0.0,0.0,0.0
25.14,3.13,1.15,0.19,43.04,40.2186,3.718889610790421,0.0,0.0,0.0,0.0,1.0,0.0,0.0,1.0,0.0,1.0,0.0,0.0
17.11,2.77,1.23,0.13999999999999999,91.82,36.6701,3.6288666763327595,0.0,0.0,0.0,0.0,1.0,0.0,0.0,1.0,0.0,0.0,0.0,1.0
32.040000000000006,2.73,1.47,0.37,42.88,65.6944,4.2001209913759165,0.0,0.0,1.0,0.0,1.0,0.0,1.0,0.0,0.0,0.0,0.0,0.0
12.77,3.37,0.53,0.36000000000000004,20.9,17.662100000000002,2.9264947292799515,0.0,1.0,0.0,0.0,1.0,0.0,1.0,0.0,0.0,0.0,0.0,0.0
4.72,4.28,1.48,0.48,50.89,35.6928,3.6025805505275703,0.0,0.0,0.0,1.0,1.0,0.0,1.0,0.0,0.0,1.0,0.0,0.0
7.32,2.62,1.43,0.39,117.69,58.9867,4.094122870983747,0.0,0.0,0.0,0.0,1.0,0.0,0.0,1.0,0.0,0.0,0.0,0.0
122.82019097975328,4.13,0.96,0.12,30.98,247.5983178992313,5.515838412759396,0.0,0.0,0.0,0.0,1.0,0.0,0.0,0.0,0.0,0.0,0.0,0.0
8.44,2.06,0.63,0.45,75.4,41.30720000000001,3.7449572843336405,1.0,0.0,0.0,0.0,0.0,1.0,1.0,0.0,0.0,0.0,0.0,0.0
7.8,3.26,0.64,0.45,54.79,32.9075,3.5236362288547327,0.0,0.0,0.0,0.0,0.0,1.0,0.0,1.0,0.0,0.0,0.0,0.0
32.4,4.33,1.88,0.28,13.17,68.9296,4.2474890216936965,0.0,0.0,1.0,0.0,0.0,1.0,1.0,0.0,0.0,0.0,0.0,0.0
9.91,3.02,1.53,0.33,61.11,38.348600000000005,3.6724603960856412,0.0,1.0,0.0,0.0,1.0,0.0,0.0,1.0,0.0,1.0,0.0,0.0
17.94,3.69,0.69,0.49,85.75,58.0861,4.07899570216402,0.0,1.0,0.0,0.0,1.0,0.0,0.0,0.0,0.0,0.0,0.0,0.0
44.94,2.61,1.04,0.31,64.02,69.1938,4.251259988043086,1.0,0.0,0.0,0.0,1.0,0.0,1.0,0.0,0.0,0.0,0.0,0.0
24.22,4.23,1.39,0.46,105.28999999999999,86.3292,4.469684885728696,0.0,0.0,0.0,0.0,0.0,1.0,0.0,1.0,0.0,0.0,0.0,0.0
33.71,2.1599999999999993,1.75,0.13,38.23,66.1224,4.2065178183730865,0.0,1.0,0.0,0.0,1.0,0.0,1.0,0.0,0.0,1.0,0.0,0.0
9.44,4.56,0.57,0.18,14.92,12.6264,2.6120090875642306,0.0,1.0,0.0,0.0,1.0,0.0,1.0,0.0,0.0,0.0,0.0,0.0
10.42,2.59,0.85,0.28,112.71,43.0058,3.7843214434128263,0.0,1.0,0.0,0.0,1.0,0.0,1.0,0.0,0.0,0.0,0.0,0.0
3.0,4.62,1.83,0.33,48.49,26.111700000000003,3.2999653690325537,1.0,0.0,0.0,0.0,1.0,0.0,1.0,0.0,0.0,0.0,0.0,0.0
9.28,3.06,0.51,0.43,71.29,38.447500000000005,3.674970673927687,0.0,1.0,0.0,0.0,1.0,0.0,0.0,1.0,0.0,0.0,0.0,0.0
14.65,4.17,0.8,0.5,96.08,63.93,4.173309766520395,0.0,0.0,0.0,0.0,1.0,0.0,0.0,1.0,0.0,0.0,0.0,0.0
9.67,2.96,1.94,0.26,42.3,32.7178,3.5180258878261035,0.0,1.0,0.0,0.0,0.0,1.0,0.0,1.0,0.0,0.0,0.0,0.0
5.35,4.72,1.42,0.12,87.36,22.8002,3.1696939840034655,0.0,0.0,0.0,1.0,1.0,0.0,1.0,0.0,0.0,0.0,0.0,0.0
6.91,2.38,0.89,0.42,20.57,17.1693,2.8997333566246946,0.0,1.0,0.0,0.0,1.0,0.0,1.0,0.0,0.0,0.0,0.0,0.0
23.58,2.54,0.6,0.34,38.5,29.778,3.42680014904166,0.0,0.0,0.0,0.0,1.0,0.0,0.0,1.0,0.0,0.0,0.0,0.0
11.11,3.48,0.54,0.18,21.64,13.3746,2.6654627602093046,0.0,1.0,0.0,0.0,1.0,0.0,0.0,0.0,1.0,0.0,0.0,1.0
18.85,2.25,0.87,0.3,98.29,48.1365,3.894602139485182,0.0,0.0,0.0,1.0,1.0,0.0,1.0,0.0,0.0,0.0,0.0,0.0
25.67,2.59,1.82,0.4,30.6,61.54940000000001,4.135956644540775,0.0,1.0,0.0,0.0,0.0,1.0,0.0,0.0,0.0,0.0,0.0,1.0
34.83,4.83,1.12,0.41,87.5,79.71459999999999,4.390919475888857,0.0,0.0,0.0,0.0,1.0,0.0,0.0,1.0,0.0,0.0,1.0,0.0
2.93,4.93,1.58,0.3,113.48,43.60339999999999,3.7978100893042734,1.0,0.0,0.0,0.0,0.0,1.0,0.0,1.0,0.0,0.0,1.0,0.0
40.17,3.13,1.88,0.22,65.69,93.1014,4.544372924270246,0.0,0.0,0.0,0.0,1.0,0.0,0.0,1.0,0.0,1.0,0.0,0.0
31.77,4.77,1.11,0.49,67.1,72.9137,4.302898196428651,0.0,0.0,0.0,0.0,1.0,0.0,1.0,0.0,0.0,0.0,0.0,0.0
5.01,3.63,0.79,0.37,58.02,29.055300000000003,3.403039018141525,0.0,0.0,0.0,0.0,0.0,1.0,1.0,0.0,0.0,1.0,0.0,0.0
43.81,2.81,1.28,0.26,42.48,69.9316,4.261716032410588,0.0,0.0,0.0,0.0,1.0,0.0,0.0,1.0,0.0,0.0,0.0,0.0
46.12,4.11,1.86,0.21,59.7,102.4302,4.638896989062792,0.0,0.0,0.0,0.0,1.0,0.0,1.0,0.0,0.0,0.0,0.0,0.0
138.76388715029725,3.98,1.71,0.39,74.32,332.0436886774302,5.80827367860436,0.0,0.0,1.0,0.0,1.0,0.0,0.0,0.0,0.0,0.0,0.0,0.0
14.57,4.97,0.6,0.20000000000000004,118.39,37.39,3.6477970090127063,0.0,0.0,0.0,0.0,1.0,0.0,0.0,1.0,0.0,0.0,0.0,0.0
40.5,2.8,1.54,0.16999999999999998,112.84,84.3528,4.446793254794901,0.0,0.0,0.0,0.0,0.0,1.0,1.0,0.0,0.0,1.0,0.0,0.0
37.66,4.02,1.36,0.31,104.15,87.5241,4.483274831326688,1.0,0.0,0.0,0.0,1.0,0.0,0.0,1.0,0.0,0.0,0.0,0.0
10.04,2.16,1.86,0.22,107.25,44.4294,3.8161594725522456,0.0,0.0,0.0,0.0,0.0,1.0,1.0,0.0,0.0,0.0,0.0,0.0
11.26,2.34,0.68,0.35,58.8,30.5768,3.452422673737601,0.0,1.0,0.0,0.0,0.0,1.0,0.0,1.0,0.0,1.0,0.0,0.0
19.15,2.01,1.3,0.15,80.61,38.9965,3.6887919502855877,0.0,0.0,0.0,0.0,1.0,0.0,0.0,1.0,0.0,0.0,0.0,0.0
24.74,5.0,1.82,0.36,107.93,88.8816,4.498493248671812,0.0,0.0,1.0,0.0,0.0,1.0,0.0,0.0,0.0,0.0,0.0,0.0
19.08,4.36,1.22,0.1,115.6,39.1976,3.693807292350233,0.0,0.0,0.0,0.0,0.0,1.0,0.0,1.0,0.0,0.0,0.0,0.0
23.66,3.53,0.61,0.15,52.82,25.8856,3.291590827289907,0.0,1.0,0.0,0.0,1.0,0.0,0.0,1.0,0.0,0.0,0.0,0.0
37.63,2.9,0.92,0.46999999999999975,74.12,72.356,4.295324300834588,0.0,0.0,0.0,0.0,1.0,0.0,0.0,0.0,0.0,0.0,0.0,0.0
2.8,2.45,0.9899999999999995,0.45,86.63,44.2055,3.8112187608515318,0.0,1.0,0.0,0.0,1.0,0.0,1.0,0.0,0.0,0.0,0.0,0.0
13.37,2.85,1.92,0.19,114.32,50.2412,3.936543895958055,0.0,0.0,0.0,0.0,1.0,0.0,1.0,0.0,0.0,1.0,0.0,0.0
35.95,3.13,0.92,0.41,33.13,49.78730000000001,3.927646323329227,1.0,0.0,0.0,0.0,1.0,0.0,1.0,0.0,0.0,0.0,0.0,0.0
27.07,2.23,0.74,0.25,35.88,31.2318,3.472953542856144,1.0,0.0,0.0,0.0,1.0,0.0,0.0,1.0,0.0,0.0,0.0,0.0
6.25,2.05,1.23,0.37,94.31,44.6322,3.8206136076714263,0.0,0.0,1.0,0.0,0.0,1.0,0.0,1.0,0.0,0.0,1.0,0.0
22.92,2.31,1.61,0.13,68.51,48.11750000000001,3.8942153867781815,0.0,1.0,0.0,0.0,1.0,0.0,0.0,0.0,1.0,0.0,0.0,0.0
27.1,3.2299999999999898,1.8,0.26,81.01,73.0726,4.305045693339745,0.0,0.0,0.0,0.0,0.0,0.0,0.0,1.0,0.0,0.0,0.0,0.0
12.88,4.8,1.44,0.49,42.13,43.9909,3.806460247098427,0.0,1.0,0.0,0.0,0.0,1.0,1.0,0.0,0.0,0.0,0.0,0.0
14.19,3.91,1.5,0.32,60.35000000000002,44.507000000000005,3.817866160277645,0.0,0.0,1.0,0.0,0.0,1.0,0.0,1.0,0.0,0.0,0.0,0.0
19.49,4.41,0.69,0.22,76.0,34.5781,3.571730280024857,0.0,0.0,1.0,0.0,0.0,1.0,0.0,1.0,0.0,1.0,0.0,0.0
16.78,3.08,0.7,0.38,27.81,25.3938,3.273129134086198,1.0,0.0,0.0,0.0,1.0,0.0,1.0,0.0,0.0,0.0,0.0,0.0
11.36,2.3299999999999983,1.66,0.36,115.59,62.8,4.155753190350744,0.0,0.0,0.0,0.0,0.0,1.0,1.0,0.0,0.0,0.0,0.0,0.0
6.87,4.35,1.9,0.48,89.4,60.315,4.11602451121399,0.0,1.0,0.0,0.0,0.0,0.0,0.0,0.0,0.0,0.0,0.0,0.0
44.64,2.5,1.58,0.11,52.27,78.7809,4.379284127436443,1.0,0.0,0.0,0.0,1.0,0.0,0.0,1.0,0.0,1.0,0.0,0.0
30.09,3.54,1.63,0.22,45.84,62.6715,4.153737052727395,0.0,1.0,0.0,0.0,0.0,1.0,1.0,0.0,0.0,0.0,0.0,0.0
34.28,3.46,0.83,0.47,51.82,56.2678,4.047738511140233,1.0,0.0,0.0,0.0,1.0,0.0,0.0,1.0,0.0,1.0,0.0,0.0
39.67,3.88,1.16,0.23,52.06,61.871,4.141085008105915,1.0,0.0,0.0,0.0,1.0,0.0,0.0,1.0,0.0,0.0,0.0,0.0
25.42,4.84,1.43,0.2,67.58,54.7066,4.020098631834631,1.0,0.0,0.0,0.0,1.0,0.0,0.0,1.0,0.0,0.0,0.0,0.0
5.26,3.74,1.65,0.31,67.5,33.344,3.5364273309222596,0.0,1.0,0.0,0.0,1.0,0.0,1.0,0.0,0.0,0.0,0.0,0.0
27.32,3.62,0.66,0.43,62.17,48.3843,3.8996325599151973,0.0,0.0,0.0,0.0,0.0,0.0,1.0,0.0,0.0,0.0,0.0,0.0
29.76,2.15,1.94,0.14,20.5,62.7544,4.155038201264635,0.0,1.0,0.0,0.0,1.0,0.0,0.0,1.0,0.0,1.0,0.0,0.0
37.53,2.19,1.84,0.48,62.05,101.0292,4.625259046825346,0.0,0.0,0.0,0.0,1.0,0.0,1.0,0.0,0.0,1.0,0.0,0.0
22.15,2.56,0.91,0.42,24.45,32.985499999999995,3.525933963063481,0.0,1.0,0.0,0.0,0.0,1.0,1.0,0.0,0.0,0.0,0.0,0.0
7.25,2.1,1.73,0.17,19.51,17.9592,2.9422893018438527,0.0,0.0,1.0,0.0,1.0,0.0,1.0,0.0,0.0,0.0,0.0,0.0
14.91,4.23,1.28,0.38,112.25,65.9698,4.204241771505673,0.0,0.0,0.0,0.0,0.0,1.0,0.0,1.0,0.0,0.0,0.0,0.0
18.79,4.17,1.19,0.25,74.57,45.1726,3.83238654855691,0.0,0.0,0.0,0.0,0.0,1.0,0.0,0.0,0.0,1.0,0.0,0.0
28.97,4.51,1.37,0.41,51.21,65.195,4.19260493138962,0.0,0.0,0.0,0.0,1.0,0.0,0.0,1.0,0.0,0.0,0.0,0.0
18.45,2.46,1.59,0.49,109.53,85.4652,4.459742020849864,0.0,0.0,0.0,0.0,1.0,0.0,0.0,1.0,0.0,0.0,0.0,0.0
49.34,2.900000000000004,1.12,0.15,78.36,69.91480000000001,4.261479156464797,0.0,0.0,0.0,0.0,0.0,1.0,1.0,0.0,0.0,0.0,0.0,0.0
30.68,2.75,1.44,0.27,93.45,72.16069999999999,4.292658391546874,0.0,0.0,1.0,0.0,1.0,0.0,0.0,1.0,0.0,0.0,0.0,0.0
12.62,3.12,1.55,0.29,47.38,36.4212,3.6222373887443764,0.0,0.0,0.0,0.0,1.0,0.0,0.0,0.0,1.0,0.0,0.0,0.0
5.99,2.76,1.57,0.25,115.4,41.014300000000006,3.7380100365249795,0.0,0.0,1.0,0.0,1.0,0.0,0.0,1.0,0.0,0.0,0.0,0.0
8.49,3.47,0.5799999999999998,0.25,99.35,33.2317,3.5331521153462706,1.0,0.0,0.0,0.0,1.0,0.0,1.0,0.0,0.0,0.0,1.0,0.0
13.05,3.22,1.79,0.12,103.2,38.9635,3.687966537532372,0.0,1.0,0.0,0.0,1.0,0.0,1.0,0.0,0.0,0.0,0.0,0.0
8.87,4.96,1.19,0.37,24.8,24.6913,3.246152413189092,0.0,0.0,1.0,0.0,1.0,0.0,1.0,0.0,0.0,0.0,0.0,0.0
14.97,2.43,0.86,0.18,37.85,22.1172,3.1405769292036636,1.0,0.0,0.0,0.0,1.0,0.0,0.0,0.0,1.0,1.0,0.0,0.0
9.5,2.16,1.22,0.43,36.15,29.2945,3.4109661778870946,0.0,0.0,0.0,0.0,1.0,0.0,1.0,0.0,0.0,0.0,0.0,0.0
44.94,3.8799999999999883,1.83,0.42,103.37,129.5356,4.871645986495296,1.0,0.0,0.0,0.0,0.0,0.0,0.0,0.0,0.0,0.0,0.0,0.0
4.93,2.16,1.07,0.29,8.67,9.9494,2.3932846602406874,1.0,0.0,0.0,0.0,0.0,1.0,0.0,1.0,0.0,0.0,0.0,0.0
26.7,4.51,1.62,0.22,13.75,50.789,3.9471777715025214,1.0,0.0,0.0,0.0,1.0,0.0,0.0,1.0,0.0,0.0,0.0,0.0
21.11,3.54,0.65,0.36,36.5,30.4015,3.446855662473861,1.0,0.0,0.0,0.0,0.0,1.0,0.0,0.0,0.0,0.0,0.0,0.0
49.14,3.58,1.21,0.22,27.99,69.1972,4.25130842419641,0.0,0.0,0.0,0.0,1.0,0.0,0.0,0.0,0.0,1.0,0.0,0.0
20.49,2.51,1.66,0.39,96.76,74.2598,4.320946127707601,0.0,0.0,0.0,0.0,1.0,0.0,0.0,0.0,0.0,0.0,0.0,0.0
48.5,2.59,0.82,0.12,69.76000000000002,50.7312,3.9460610811173336,0.0,1.0,0.0,0.0,1.0,0.0,1.0,0.0,0.0,0.0,0.0,0.0
43.41,2.96,1.25,0.14,5.66,58.0149,4.0777899543951435,0.0,0.0,0.0,0.0,1.0,0.0,1.0,0.0,0.0,1.0,0.0,0.0
41.04,3.78,0.85,0.1,54.37,44.101,3.8089044192118187,0.0,0.0,0.0,0.0,1.0,0.0,0.0,1.0,0.0,0.0,0.0,0.0
13.64,2.63,1.11,0.16,51.91,26.076,3.298647726646361,0.0,0.0,1.0,0.0,0.0,1.0,0.0,1.0,0.0,1.0,0.0,0.0
9.37,2.35,1.67,0.13,18.1,20.3509,3.0610938933528993,0.0,0.0,0.0,0.0,1.0,0.0,0.0,1.0,0.0,0.0,0.0,0.0
33.76,4.909999999999997,1.66,0.5,82.76,102.3316,4.637943234476846,1.0,0.0,0.0,0.0,1.0,0.0,1.0,0.0,0.0,1.0,0.0,0.0
46.54,2.07,0.84,0.22,85.74,60.0264,4.111306557433325,0.0,1.0,0.0,0.0,1.0,0.0,1.0,0.0,0.0,1.0,0.0,0.0
28.28,4.41,1.88,0.16,87.9,71.6404,4.285521240885806,1.0,0.0,0.0,0.0,1.0,0.0,0.0,1.0,0.0,1.0,0.0,0.0
29.01,4.36,1.39,0.2,88.77,62.4379,4.1500614746349465,0.0,0.0,0.0,1.0,1.0,0.0,1.0,0.0,0.0,0.0,0.0,0.0
14.72,2.89,1.07,0.47,5.01,20.9951,3.090819701278186,0.0,0.0,0.0,0.0,1.0,0.0,0.0,1.0,0.0,0.0,0.0,0.0
38.71,2.41,1.25,0.31,114.7,86.3545,4.469974552139207,0.0,0.0,0.0,0.0,1.0,0.0,0.0,1.0,0.0,1.0,0.0,0.0
10.17,2.4399999999999977,1.41,0.25,98.63,41.4372,3.7480253360744875,1.0,0.0,0.0,0.0,1.0,0.0,0.0,1.0,0.0,0.0,0.0,0.0
16.86,4.09,1.34,0.45,108.96,75.7144,4.340089435210356,0.0,1.0,0.0,0.0,1.0,0.0,0.0,1.0,0.0,0.0,0.0,0.0
21.85,3.93,1.23,0.26,6.8,32.5735,3.5137370653130073,0.0,0.0,0.0,0.0,1.0,0.0,0.0,0.0,0.0,1.0,0.0,0.0
25.87,4.35,1.26,0.23,112.39,62.7959,4.155688924962885,0.0,0.0,0.0,0.0,1.0,0.0,0.0,0.0,1.0,1.0,0.0,0.0
12.88,4.81,0.76,0.18,98.13,32.2622,3.5044216170974076,0.0,1.0,0.0,0.0,1.0,0.0,0.0,1.0,0.0,1.0,0.0,0.0
6.63,4.08,1.72,0.25,101.28,40.8036,3.732982460224131,0.0,0.0,0.0,0.0,0.0,1.0,0.0,1.0,0.0,0.0,0.0,0.0
30.92,2.47,1.31,0.23,15.73,46.5931,3.8626877927467573,0.0,1.0,0.0,0.0,1.0,0.0,1.0,0.0,0.0,1.0,0.0,0.0
15.14,2.73,0.7,0.37,89.96,46.61319999999999,3.8631100337181765,0.0,1.0,0.0,0.0,1.0,0.0,1.0,0.0,0.0,1.0,0.0,0.0
29.48,4.53,1.65,0.22,115.39,78.5578,4.37648380151697,0.0,1.0,0.0,0.0,1.0,0.0,1.0,0.0,0.0,0.0,0.0,0.0
8.56,2.63,1.8999999999999995,0.33,83.03,46.2939,3.8563813231221116,0.0,0.0,1.0,0.0,0.0,1.0,0.0,1.0,0.0,0.0,0.0,0.0
24.58,2.22,1.92,0.13,70.61,58.59289999999999,4.08753643945828,0.0,0.0,0.0,0.0,0.0,1.0,0.0,1.0,0.0,0.0,0.0,0.0
27.1,4.11,1.05,0.18,113.75,53.040000000000006,3.989724513091998,0.0,0.0,0.0,1.0,1.0,0.0,0.0,0.0,0.0,0.0,0.0,0.0
3.54,3.21,0.7,0.26,55.94,20.2324,3.0555283168999567,0.0,0.0,0.0,0.0,0.0,1.0,1.0,0.0,0.0,0.0,1.0,0.0
17.49,4.76,1.28,0.47,73.92,61.8896,4.14138080822353,0.0,0.0,0.0,0.0,1.0,0.0,1.0,0.0,0.0,0.0,0.0,0.0
7.59,3.95,0.67,0.25,59.78,23.9803,3.218087514233003,0.0,0.0,0.0,0.0,1.0,0.0,0.0,0.0,0.0,0.0,0.0,1.0
4.11,2.27,1.9,0.37,112.28,51.6226,3.9631456852618614,0.0,0.0,0.0,0.0,0.0,1.0,1.0,0.0,0.0,0.0,1.0,0.0
49.51,4.84,0.78,0.2,13.75,46.207800000000006,3.8545591331758207,0.0,1.0,0.0,0.0,0.0,1.0,0.0,1.0,0.0,0.0,0.0,0.0
16.8,2.78,0.88,0.14999999999999997,62.63,26.9585,3.330721267857831,0.0,0.0,0.0,0.0,1.0,0.0,0.0,1.0,0.0,1.0,0.0,0.0
40.68,3.01,1.11,0.12,84.0,58.2448,4.0816780124507,0.0,1.0,0.0,0.0,1.0,0.0,0.0,0.0,1.0,0.0,0.0,0.0
13.48,3.21,1.07,0.22,96.07,38.769,3.6830877143221263,0.0,0.0,0.0,0.0,1.0,0.0,1.0,0.0,0.0,1.0,0.0,0.0
34.39,2.15,1.69,0.16,72.05,71.7971,4.287676119244364,0.0,0.0,0.0,1.0,1.0,0.0,1.0,0.0,0.0,0.0,0.0,0.0
38.25,3.49,1.18,0.17,109.53,67.24510000000001,4.223105636615899,0.0,1.0,0.0,0.0,0.0,0.0,1.0,0.0,0.0,1.0,0.0,0.0
30.19,2.37,0.76,0.4,113.33,70.6464,4.271742908769049,0.0,1.0,0.0,0.0,1.0,0.0,0.0,1.0,0.0,0.0,0.0,1.0
24.11,3.2,0.9,0.11,12.4,26.263,3.3055304715704805,1.0,0.0,0.0,0.0,0.0,0.0,0.0,1.0,0.0,0.0,0.0,0.0
21.18,3.05,1.26,0.32,51.27,46.1432,3.853189778106039,0.0,0.0,0.0,0.0,1.0,0.0,1.0,0.0,0.0,1.0,0.0,0.0
18.09,4.32,0.72,0.25,7.7,19.2698,3.0091320936170076,0.0,1.0,0.0,0.0,1.0,0.0,0.0,1.0,0.0,0.0,0.0,0.0
46.55,4.41,1.42,0.3,42.88,83.375,4.435271149192694,0.0,0.0,1.0,0.0,1.0,0.0,0.0,0.0,0.0,0.0,0.0,0.0
41.7,2.46,1.35,0.33,66.74,80.7792,4.404022932545778,0.0,0.0,0.0,1.0,1.0,0.0,1.0,0.0,0.0,0.0,0.0,0.0
48.29,3.1,1.57,0.23,109.74,104.1555,4.655440207009982,0.0,0.0,0.0,0.0,0.0,1.0,0.0,1.0,0.0,1.0,0.0,0.0
7.09,3.120000000000001,1.91,0.22,102.35,39.1789,3.6933419822076563,0.0,0.0,1.0,0.0,0.0,1.0,0.0,0.0,1.0,0.0,0.0,0.0
36.81,2.45,1.87,0.39,19.66,78.95210000000002,4.381427705351517,0.0,1.0,0.0,0.0,1.0,0.0,1.0,0.0,0.0,0.0,0.0,0.0
46.98,4.4,1.92,0.45,15.7,101.6666,4.631486844954605,0.0,1.0,0.0,0.0,0.0,1.0,1.0,0.0,0.0,0.0,0.0,0.0
9.88,4.12,0.87,0.18,72.77,25.8142,3.288931597941737,0.0,1.0,0.0,0.0,0.0,1.0,0.0,1.0,0.0,0.0,0.0,0.0
4.26,2.57,0.7,0.14,66.19,14.8186,2.7611864628483223,0.0,0.0,0.0,0.0,0.0,1.0,0.0,0.0,1.0,0.0,0.0,0.0
37.31,3.1,0.95,0.46,35.63,54.9343,4.024177787694797,0.0,1.0,0.0,0.0,1.0,0.0,0.0,0.0,0.0,0.0,0.0,0.0
29.15,2.32,1.84,0.24,108.44,81.9816,4.418618896473471,0.0,0.0,0.0,0.0,1.0,0.0,0.0,1.0,0.0,0.0,0.0,0.0
42.25,3.88,1.96,0.32,111.65,122.418,4.815576967932582,0.0,1.0,0.0,0.0,1.0,0.0,0.0,1.0,0.0,0.0,0.0,0.0
7.85,2.36,1.7900000000000005,0.24,51.3,28.7235,3.3919379787299757,0.0,0.0,0.0,0.0,0.0,0.0,1.0,0.0,0.0,0.0,0.0,0.0
39.97,4.96,0.67,0.15,107.38,47.846900000000005,3.8886909169050354,0.0,0.0,1.0,0.0,1.0,0.0,0.0,1.0,0.0,1.0,0.0,0.0
9.05,3.74,0.51,0.18,59.73,19.1069,3.001063039738792,0.0,0.0,0.0,0.0,0.0,1.0,0.0,1.0,0.0,0.0,0.0,0.0
40.91,4.73,1.16,0.28,19.1,57.53359999999999,4.069600948331185,0.0,0.0,0.0,0.0,1.0,0.0,0.0,1.0,0.0,0.0,0.0,0.0
33.59,3.66,0.57,0.42,111.71,69.7245,4.258792047526727,0.0,0.0,0.0,0.0,1.0,0.0,1.0,0.0,0.0,1.0,0.0,0.0
26.63,2.52,1.3199999999999996,0.34,57.22,57.1264,4.062619949638962,0.0,0.0,0.0,0.0,0.0,1.0,0.0,0.0,0.0,0.0,0.0,0.0
43.98,4.53,1.21,0.32,47.22,72.8562,4.302119959414184,1.0,0.0,0.0,0.0,0.0,1.0,1.0,0.0,0.0,0.0,0.0,0.0
20.23,3.93,1.42,0.38,7.17,35.3812,3.594052157702657,0.0,0.0,0.0,0.0,0.0,1.0,1.0,0.0,0.0,0.0,0.0,0.0
41.01,3.95,1.8,0.42,16.56,84.7232,4.451123500753208,0.0,1.0,0.0,0.0,0.0,0.0,0.0,1.0,0.0,0.0,0.0,0.0
19.47,4.68,1.15,0.16,84.35,40.56649999999999,3.727294554386747,0.0,0.0,0.0,1.0,1.0,0.0,1.0,0.0,0.0,0.0,0.0,0.0
23.67,4.76,1.73,0.38,43.49,62.2353,4.146862689528799,1.0,0.0,0.0,0.0,1.0,0.0,0.0,1.0,0.0,0.0,1.0,0.0
15.77,2.28,1.86,0.37,84.98,63.0548,4.1597389669867635,1.0,0.0,0.0,0.0,1.0,0.0,1.0,0.0,0.0,0.0,0.0,0.0
37.63,3.63,0.68,0.11,85.34,38.6058,3.6789755721820003,1.0,0.0,0.0,0.0,1.0,0.0,0.0,1.0,0.0,0.0,0.0,0.0
25.63,4.22,1.3,0.26,85.95,59.886,4.10900326323076,0.0,1.0,0.0,0.0,1.0,0.0,0.0,1.0,0.0,1.0,0.0,0.0
12.38,4.27,0.93,0.23,61.64,29.9606,3.432715428378701,0.0,0.0,0.0,0.0,1.0,0.0,0.0,1.0,0.0,1.0,0.0,0.0
45.08,3.82,0.57,0.37,110.21,70.29329999999999,4.266802353860413,0.0,0.0,0.0,0.0,0.0,1.0,0.0,0.0,0.0,0.0,0.0,0.0
19.81,2.5,1.5,0.19,61.26,43.8544,3.8034216884866017,0.0,1.0,0.0,0.0,1.0,0.0,1.0,0.0,0.0,1.0,0.0,0.0
101.0397035425727,4.39,1.79,1.7329012196567541,56.78,283.6452005933156,5.6512434945253345,0.0,0.0,0.0,1.0,1.0,0.0,1.0,0.0,0.0,1.0,0.0,0.0
45.42,4.16,0.74,0.47,27.93,50.89789999999999,3.949278326925471,1.0,0.0,0.0,0.0,0.0,1.0,0.0,1.0,0.0,0.0,0.0,0.0
31.59,2.26,1.72,0.42,40.38,73.5544,4.311529060260504,0.0,1.0,0.0,0.0,0.0,0.0,0.0,0.0,0.0,0.0,0.0,1.0
6.73,3.39,1.78,0.47,9.87,20.0083,3.0449175977326592,0.0,0.0,0.0,0.0,1.0,0.0,1.0,0.0,0.0,0.0,0.0,0.0
47.05,2.52,1.87,0.49,77.86,128.6549,4.864876305331429,0.0,1.0,0.0,0.0,1.0,0.0,1.0,0.0,0.0,0.0,1.0,0.0
31.76,3.01,0.9,0.1,33.58,34.952,3.582184715442973,0.0,1.0,0.0,0.0,1.0,0.0,1.0,0.0,0.0,0.0,0.0,0.0
7.82,3.2,0.98,0.27,93.64,36.1464,3.614866862026776,0.0,0.0,1.0,0.0,0.0,1.0,1.0,0.0,0.0,1.0,0.0,0.0
39.91,3.65,1.33,0.44,42.63,75.4875,4.337127328788659,1.0,0.0,0.0,0.0,1.0,0.0,0.0,1.0,0.0,0.0,0.0,0.0
31.38,3.86,0.58,0.2,32.85,28.6304,3.388800861325604,0.0,0.0,1.0,0.0,1.0,0.0,0.0,0.0,0.0,0.0,0.0,0.0
27.14,3.99,0.57,0.49,24.44,31.4354,3.4792504189459974,0.0,0.0,0.0,0.0,0.0,1.0,0.0,1.0,0.0,0.0,0.0,0.0
44.8,4.51,1.58,0.35,94.11,108.2325,4.693478638078661,0.0,1.0,0.0,0.0,0.0,1.0,1.0,0.0,0.0,0.0,0.0,0.0
39.64,2.65,1.17,0.42,19.92,57.3952,4.06723369467543,0.0,0.0,0.0,0.0,1.0,0.0,0.0,1.0,0.0,1.0,0.0,0.0
16.27,4.55,0.79,0.17,63.30000000000001,28.164300000000004,3.3729453585460565,1.0,0.0,0.0,0.0,1.0,0.0,0.0,0.0,0.0,1.0,0.0,0.0
13.18,2.47,1.5,0.4,84.05,55.86,4.040592106222854,0.0,1.0,0.0,0.0,1.0,0.0,0.0,1.0,0.0,0.0,0.0,0.0
37.45,4.92,0.5,0.11,77.83,32.2063,3.5027396169566187,0.0,0.0,0.0,0.0,1.0,0.0,1.0,0.0,0.0,0.0,0.0,0.0
2.64,4.53,1.71,0.43,98.23,51.2833,3.956677008416573,0.0,1.0,0.0,0.0,1.0,0.0,0.0,1.0,0.0,0.0,1.0,0.0
28.92,3.5,0.62,0.11,10.15,22.5469,3.1589941769782706,0.0,0.0,0.0,0.0,0.0,1.0,0.0,1.0,0.0,0.0,0.0,0.0
38.36,4.94,0.79,0.36,39.09,49.3168,3.9183390173652946,1.0,0.0,0.0,0.0,1.0,0.0,0.0,1.0,0.0,0.0,0.0,0.0
43.96,2.29,1.08,0.25,37.22,59.0718,4.095540513453913,0.0,0.0,0.0,1.0,1.0,0.0,1.0,0.0,0.0,0.0,0.0,0.0
17.76,2.91,1.23,0.34,21.79,32.1634,3.501446858183425,0.0,0.0,0.0,0.0,1.0,0.0,0.0,0.0,1.0,1.0,0.0,0.0
41.24,3.91,1.03,0.38,38.26,60.92600000000001,4.125940123811851,0.0,0.0,0.0,0.0,1.0,0.0,0.0,0.0,0.0,0.0,0.0,0.0
42.48,4.79,1.95,0.14,65.02,96.7288,4.582196295548255,1.0,0.0,0.0,0.0,1.0,0.0,0.0,0.0,0.0,0.0,0.0,0.0
7.25,2.2,1.46,0.13,81.33,23.3579,3.1928562322291163,0.0,0.0,0.0,1.0,0.0,1.0,1.0,0.0,0.0,0.0,0.0,0.0
20.47,3.65,0.5400000000000001,0.34,48.83,31.306,3.475252971491566,0.0,0.0,1.0,0.0,1.0,0.0,0.0,1.0,0.0,1.0,0.0,0.0
40.07,3.77,1.15,0.31,87.74,77.0499,4.3573483657306396,1.0,0.0,0.0,0.0,1.0,0.0,0.0,1.0,0.0,0.0,0.0,0.0
8.35,3.96,1.81,0.4,43.66,36.5375,3.6253404333094488,0.0,0.0,0.0,0.0,1.0,0.0,0.0,1.0,0.0,0.0,0.0,0.0
12.23,2.77,0.95,0.3,38.38,25.9025,3.29221921909241,0.0,0.0,0.0,0.0,1.0,0.0,0.0,1.0,0.0,0.0,0.0,0.0
36.39,3.09,0.64,0.27,67.24,44.5344,3.8184680842556875,0.0,0.0,0.0,0.0,1.0,0.0,1.0,0.0,0.0,0.0,0.0,1.0
36.28,4.53,1.64,0.2599999999999998,7.73,66.039,4.205274539594796,0.0,0.0,0.0,1.0,1.0,0.0,1.0,0.0,0.0,1.0,0.0,0.0
32.42,2.58,1.41,0.11,14.18,49.852,3.928919453087876,1.0,0.0,0.0,0.0,1.0,0.0,1.0,0.0,0.0,0.0,0.0,0.0
35.0,4.48,1.36,0.23,53.07,64.2861,4.178779149917719,0.0,1.0,0.0,0.0,1.0,0.0,1.0,0.0,0.0,0.0,1.0,0.0
27.59,3.69,0.58,0.49,113.43,75.27289999999999,4.334317698266987,0.0,0.0,1.0,0.0,0.0,1.0,0.0,1.0,0.0,0.0,0.0,0.0
13.34,4.29,0.71,0.45,87.97,53.3479,3.9954059743662724,0.0,0.0,0.0,0.0,0.0,1.0,1.0,0.0,0.0,0.0,0.0,1.0
17.94,4.14,1.43,0.2299999999999998,15.13,33.2741,3.534389966897936,0.0,0.0,0.0,0.0,0.0,0.0,1.0,0.0,0.0,1.0,0.0,0.0
9.9,2.62,0.81,0.34,102.33,45.4312,3.837971647056449,0.0,0.0,0.0,0.0,0.0,1.0,0.0,1.0,0.0,0.0,0.0,0.0
45.51,3.71,1.26,0.44,89.21,100.305,4.618135768378115,1.0,0.0,0.0,0.0,1.0,0.0,0.0,1.0,0.0,1.0,0.0,0.0
29.59,4.6,1.32,0.28,75.26,64.73160000000001,4.185579783984396,0.0,0.0,0.0,0.0,0.0,1.0,0.0,0.0,0.0,0.0,1.0,0.0
20.64,3.3,0.93,0.11,99.33,33.4215,3.5386813691481946,0.0,0.0,0.0,0.0,0.0,0.0,0.0,1.0,0.0,0.0,0.0,1.0
47.42,3.36,1.7599999999999998,0.3,30.47,95.9602,4.5743005850251475,0.0,0.0,0.0,0.0,0.0,1.0,0.0,0.0,0.0,1.0,0.0,0.0
8.51,2.43,1.58,0.49,63.88,47.177,3.8748817287474635,0.0,1.0,0.0,0.0,0.0,0.0,0.0,1.0,0.0,0.0,0.0,0.0
29.73,3.17,0.62,0.38,68.12,47.488200000000006,3.88132046937237,1.0,0.0,0.0,0.0,0.0,1.0,1.0,0.0,0.0,0.0,0.0,0.0
25.79,4.86,0.66,0.13,66.91,30.5797,3.45251450909903,0.0,0.0,0.0,0.0,1.0,0.0,0.0,1.0,0.0,0.0,0.0,0.0
30.96,2.96,1.24,0.18,69.98,53.9468,4.006365444395049,0.0,0.0,0.0,0.0,1.0,0.0,0.0,0.0,0.0,0.0,0.0,0.0
1.89,4.6,0.74,0.41,114.1,52.77959999999999,3.984894213103873,0.0,1.0,0.0,0.0,1.0,0.0,1.0,0.0,0.0,0.0,0.0,1.0
43.73,4.64,1.97,0.44,108.76,138.6425,4.93908558525618,0.0,1.0,0.0,0.0,1.0,0.0,1.0,0.0,0.0,0.0,0.0,0.0
46.669999999999995,3.05,0.74,0.35,105.71,74.58429999999998,4.325248589661008,1.0,0.0,0.0,0.0,1.0,0.0,0.0,0.0,1.0,0.0,0.0,0.0
108.14699381139414,2.25,1.8673085604080533,0.36,97.16,239.17140732641303,5.4813528656179304,0.0,1.0,0.0,0.0,1.0,0.0,1.0,0.0,0.0,0.0,0.0,0.0
35.14,4.17,1.05,0.11,113.49,53.550900000000006,3.999134210768094,0.0,1.0,0.0,0.0,0.0,1.0,0.0,1.0,0.0,0.0,0.0,0.0
46.2,2.93,1.46,0.43,16.33,77.40390000000001,4.361873671017085,0.0,1.0,0.0,0.0,0.0,0.0,0.0,1.0,0.0,0.0,0.0,0.0
35.65,4.35,0.69,0.42,35.49,43.8543,3.803419459048431,0.0,0.0,1.0,0.0,0.0,1.0,1.0,0.0,0.0,1.0,0.0,0.0
8.47,3.33,1.15,0.2,61.93,25.4565,3.2755018748054074,1.0,0.0,0.0,0.0,0.0,1.0,0.0,0.0,0.0,0.0,0.0,0.0
29.24,3.46,0.91,0.38,102.35,68.9614,4.247943661385281,0.0,0.0,0.0,0.0,0.0,1.0,0.0,1.0,0.0,1.0,0.0,0.0
30.73,4.33,1.83,0.19,63.09,72.553,4.298006234794813,0.0,1.0,0.0,0.0,0.0,1.0,0.0,1.0,0.0,1.0,0.0,0.0
21.78,3.15,0.56,0.12,91.02,26.2692,3.3057578601602207,0.0,0.0,0.0,0.0,1.0,0.0,0.0,0.0,1.0,0.0,0.0,0.0
37.09,3.33,1.87,0.18,20.979999999999976,76.46470000000001,4.349822348724046,1.0,0.0,0.0,0.0,0.0,1.0,1.0,0.0,0.0,0.0,0.0,0.0
46.78,3.13,1.75,0.17,34.03,90.7801,4.51939549852809,0.0,0.0,0.0,0.0,0.0,1.0,0.0,1.0,0.0,0.0,0.0,0.0
46.35,3.1,0.95,0.24,89.15,68.52850000000001,4.241736740456672,0.0,1.0,0.0,0.0,1.0,0.0,0.0,1.0,0.0,0.0,0.0,0.0
23.09,3.58,1.68,0.27000000000000024,23.94,48.835,3.9087175484194194,0.0,1.0,0.0,0.0,1.0,0.0,0.0,0.0,0.0,1.0,0.0,0.0
6.55,4.43,0.55,0.3,45.41,21.6555,3.1204026480587412,0.0,1.0,0.0,0.0,0.0,1.0,0.0,1.0,0.0,1.0,0.0,0.0
49.26,3.09,1.95,0.29,35.46,109.4304,4.70438545825659,0.0,0.0,0.0,0.0,1.0,0.0,1.0,0.0,0.0,0.0,0.0,0.0
42.11,3.57,1.29,0.21,45.23,67.3902,4.225229539509881,1.0,0.0,0.0,0.0,1.0,0.0,0.0,0.0,0.0,0.0,0.0,0.0
7.11,4.01,0.95,0.11,86.46,20.2751,3.0575373748009174,0.0,1.0,0.0,0.0,1.0,0.0,1.0,0.0,0.0,1.0,0.0,0.0
43.62,2.83,0.6,0.26,68.86,46.90559999999999,3.8692324078130462,0.0,1.0,0.0,0.0,1.0,0.0,0.0,0.0,0.0,0.0,0.0,0.0
26.42,4.8,1.98,0.22,16.49,60.7394,4.1229223008538085,0.0,0.0,1.0,0.0,0.0,1.0,1.0,0.0,0.0,0.0,0.0,0.0
29.97,4.17,0.56,0.45,97.58,64.86420000000001,4.187595046551699,0.0,1.0,0.0,0.0,1.0,0.0,0.0,1.0,0.0,0.0,0.0,0.0
20.55,3.73,1.48,0.4,47.54,53.16,3.9919426286040194,1.0,0.0,0.0,0.0,1.0,0.0,1.0,0.0,0.0,0.0,1.0,0.0
3.68,3.94,1.16,0.44,79.58,43.224,3.7892676281452045,0.0,0.0,0.0,0.0,1.0,0.0,0.0,1.0,0.0,0.0,0.0,0.0
17.42,2.09,1.92,0.3,88.42,62.0624,4.1441247123841265,0.0,0.0,0.0,0.0,1.0,0.0,0.0,1.0,0.0,0.0,0.0,0.0
40.34,3.85,0.87,0.15,29.11,43.31230000000001,3.791262290883007,0.0,1.0,0.0,0.0,0.0,1.0,0.0,1.0,0.0,0.0,0.0,0.0
1.23,3.53,1.3,0.38,106.74,45.6902,3.8435342925461704,0.0,1.0,0.0,0.0,1.0,0.0,0.0,0.0,1.0,0.0,0.0,0.0
17.34,3.64,1.22,0.18,75.87,38.4514,3.6750695346216427,0.0,0.0,0.0,0.0,1.0,0.0,0.0,1.0,0.0,0.0,0.0,0.0
20.51,3.08,1.55,0.28,54.3,50.07450000000001,3.9332853511305603,1.0,0.0,0.0,0.0,1.0,0.0,0.0,1.0,0.0,0.0,1.0,0.0
27.33,2.24,0.6,0.13,25.97,22.0141,3.1361070715730204,0.0,0.0,0.0,0.0,1.0,0.0,0.0,0.0,0.0,0.0,0.0,0.0
46.07,2.58,0.79,0.43,113.36,87.7201,4.485486470183045,0.0,0.0,0.0,0.0,0.0,1.0,0.0,0.0,0.0,0.0,0.0,0.0
17.97,4.85,0.82,0.15,91.83,33.3599,3.536890186750935,0.0,1.0,0.0,0.0,0.0,1.0,1.0,0.0,0.0,0.0,0.0,0.0
18.0,3.23,1.61,0.46,28.92,45.513200000000005,3.839736143277313,0.0,0.0,1.0,0.0,1.0,0.0,0.0,0.0,1.0,0.0,0.0,0.0
37.14,3.4,0.78,0.45,43.84,52.0972,3.9721241961607827,1.0,0.0,0.0,0.0,1.0,0.0,1.0,0.0,0.0,0.0,0.0,0.0
23.16,2.16,1.36,0.29,98.11,62.1095,4.144871312890069,0.0,1.0,0.0,0.0,1.0,0.0,0.0,0.0,0.0,0.0,0.0,0.0
12.01,2.11,0.82,0.4,85.0,45.9582,3.8492578442911713,0.0,0.0,1.0,0.0,1.0,0.0,1.0,0.0,0.0,0.0,0.0,0.0
23.17,4.15,1.79,0.35,93.07,78.1988,4.371961147190444,0.0,0.0,0.0,0.0,1.0,0.0,1.0,0.0,0.0,0.0,0.0,0.0
7.9,3.61,1.91,0.42,55.74,42.1098,3.7637503494534545,0.0,0.0,0.0,0.0,1.0,0.0,0.0,1.0,0.0,0.0,0.0,0.0
9.64,3.53,1.28,0.26999999999999996,87.39,39.4645,3.700425046513979,1.0,0.0,0.0,0.0,0.0,0.0,0.0,1.0,0.0,0.0,0.0,0.0
25.42,2.73,1.03,0.41,49.45,49.1871,3.915758021563139,1.0,0.0,0.0,0.0,1.0,0.0,1.0,0.0,0.0,0.0,1.0,0.0
126.54762829842768,4.23,0.85,0.28,29.3,224.9146628555729,5.420157329980025,0.0,0.0,0.0,0.0,0.0,1.0,1.0,0.0,0.0,0.0,0.0,1.0
45.83,2.5,0.57,0.48,77.76000000000002,65.9479,4.203914704953676,0.0,1.0,0.0,0.0,0.0,1.0,0.0,1.0,0.0,0.0,0.0,0.0
18.76,2.57,0.9,0.29,117.24,53.4536,3.9973489628959022,0.0,0.0,0.0,0.0,1.0,0.0,0.0,0.0,0.0,0.0,0.0,0.0
31.980000000000008,2.86,1.3,0.41,58.01,68.2181,4.237262389116231,0.0,1.0,0.0,0.0,1.0,0.0,1.0,0.0,0.0,0.0,0.0,0.0
1.64,2.74,1.92,0.43,82.51,41.3681,3.746395720583661,0.0,0.0,0.0,1.0,1.0,0.0,0.0,1.0,0.0,1.0,0.0,0.0
33.51,3.94,1.09,0.32,67.27,61.9923,4.143012496699566,0.0,0.0,0.0,0.0,0.0,1.0,1.0,0.0,0.0,1.0,0.0,0.0
9.72,3.95,1.54,0.17,101.99,36.2571,3.6178425306897743,0.0,0.0,0.0,0.0,0.0,1.0,0.0,0.0,0.0,0.0,0.0,0.0
48.09,4.47,1.23,0.29,92.6,90.4747,4.516062431315307,0.0,0.0,0.0,0.0,0.0,1.0,0.0,0.0,0.0,0.0,0.0,0.0
8.28,3.25,1.27,0.49,11.7,19.4986,3.020356591129384,0.0,0.0,1.0,0.0,1.0,0.0,0.0,1.0,0.0,0.0,1.0,0.0
21.320000000000004,2.22,0.9,0.4,119.82,69.336,4.253283758781156,0.0,1.0,0.0,0.0,1.0,0.0,1.0,0.0,0.0,0.0,0.0,0.0
5.1800000000000015,2.82,1.18,0.42,91.53,47.375,3.8789831513499458,0.0,1.0,0.0,0.0,0.0,1.0,0.0,1.0,0.0,0.0,0.0,0.0
49.85,4.94,1.21,0.11,104.35,76.737,4.353331334507088,0.0,1.0,0.0,0.0,1.0,0.0,0.0,1.0,0.0,0.0,0.0,0.0
25.61,3.79,1.56,0.29,79.89,66.9097,4.2181788815043975,1.0,0.0,0.0,0.0,0.0,0.0,0.0,0.0,0.0,0.0,0.0,0.0
30.17,4.13,1.91,0.36,103.47,99.0039,4.605209185227611,0.0,0.0,0.0,0.0,1.0,0.0,0.0,1.0,0.0,0.0,0.0,0.0
4.29,2.02,0.99,0.43,17.92,13.9727,2.7062285428899404,0.0,1.0,0.0,0.0,0.0,0.0,0.0,1.0,0.0,1.0,0.0,0.0
37.75,3.55,0.56,0.12,44.99,30.0888,3.4368476257059415,1.0,0.0,0.0,0.0,1.0,0.0,0.0,1.0,0.0,0.0,1.0,0.0
11.29,2.11,1.2400000000000002,0.44,105.79,62.6572,4.1535124372234264,1.0,0.0,0.0,0.0,1.0,0.0,0.0,1.0,0.0,0.0,0.0,0.0
45.0,3.71,1.32,0.32,28.19,72.13080000000001,4.29224961864597,1.0,0.0,0.0,0.0,0.0,1.0,0.0,0.0,0.0,0.0,0.0,0.0
11.05,4.76,0.75,0.18,14.0,15.5675,2.807442944980245,0.0,0.0,1.0,0.0,1.0,0.0,0.0,1.0,0.0,0.0,0.0,0.0
10.34,4.91,1.64,0.23,95.63,43.8625,3.8036022564737255,0.0,1.0,0.0,0.0,1.0,0.0,0.0,1.0,0.0,0.0,0.0,0.0
2.79,3.62,1.98,0.21,101.08,30.371,3.4458838992845613,1.0,0.0,0.0,0.0,1.0,0.0,1.0,0.0,0.0,0.0,0.0,1.0
24.13,3.37,1.92,0.31,23.71,57.0497,4.06129954017189,0.0,0.0,0.0,0.0,1.0,0.0,0.0,0.0,1.0,0.0,1.0,0.0
28.68,4.84,0.8,0.12,103.25,40.174,3.7178069891871166,1.0,0.0,0.0,0.0,1.0,0.0,0.0,1.0,0.0,1.0,0.0,0.0
4.22,4.02,1.81,0.16,83.98,25.095,3.2617437250953767,1.0,0.0,0.0,0.0,1.0,0.0,1.0,0.0,0.0,0.0,0.0,0.0
39.0,2.19,1.56,0.43,64.81,90.8983,4.520682530822754,1.0,0.0,0.0,0.0,0.0,1.0,1.0,0.0,0.0,0.0,0.0,0.0
23.21,3.4,1.18,0.15,100.48,45.85979999999999,3.847160165038104,0.0,0.0,0.0,0.0,1.0,0.0,0.0,1.0,0.0,0.0,0.0,0.0
26.7,2.72,1.31,0.19,53.21,47.8069,3.8878716963066138,0.0,1.0,0.0,0.0,0.0,1.0,0.0,1.0,0.0,0.0,0.0,0.0
22.6,3.41,1.77,0.28,27.31,51.058800000000005,3.95237384897421,0.0,0.0,0.0,0.0,1.0,0.0,0.0,1.0,0.0,0.0,0.0,0.0
20.64,3.37,1.22,0.31,37.76,40.2564,3.71980625226109,0.0,0.0,1.0,0.0,1.0,0.0,1.0,0.0,0.0,0.0,0.0,0.0
28.42,3.75,1.06,0.41,63.09,59.74210000000001,4.106637032612311,0.0,0.0,1.0,0.0,1.0,0.0,0.0,1.0,0.0,0.0,1.0,0.0
8.61,3.07,1.24,0.28,66.1,32.2544,3.5041870891739793,0.0,1.0,0.0,0.0,1.0,0.0,1.0,0.0,0.0,0.0,0.0,0.0
9.91,2.49,1.3700000000000003,0.42,97.64,57.075500000000005,4.061743888176019,0.0,1.0,0.0,0.0,0.0,1.0,0.0,1.0,0.0,0.0,0.0,0.0
43.23,3.51,0.78,0.35,96.01,70.8329,4.274342588374899,0.0,1.0,0.0,0.0,1.0,0.0,1.0,0.0,0.0,1.0,0.0,0.0
47.36,4.4900000000000055,1.85,0.15,71.86,102.885,4.643284518096749,1.0,0.0,0.0,0.0,1.0,0.0,0.0,0.0,1.0,0.0,0.0,0.0
19.29,3.99,1.51,0.16,94.79,48.2843,3.8976055719121443,1.0,0.0,0.0,0.0,0.0,1.0,1.0,0.0,0.0,0.0,0.0,0.0
32.56,4.81,0.65,0.26,10.76,28.7716,3.39355491896471,0.0,0.0,0.0,0.0,0.0,0.0,1.0,0.0,0.0,0.0,0.0,0.0
21.03,4.74,1.41,0.4,105.47,76.5803,4.351313528980369,1.0,0.0,0.0,0.0,1.0,0.0,1.0,0.0,0.0,0.0,0.0,1.0
2.24,2.63,0.68,0.33,13.69,8.6709,2.2691213764890383,1.0,0.0,0.0,0.0,0.0,1.0,0.0,1.0,0.0,0.0,0.0,0.0
8.65,2.12,0.62,0.26,33.37,16.1592,2.842534472926448,0.0,0.0,0.0,0.0,1.0,0.0,0.0,1.0,0.0,1.0,0.0,0.0
36.08,4.220000000000004,1.29,0.17,84.96,65.2064,4.192777135007228,0.0,0.0,0.0,0.0,1.0,0.0,1.0,0.0,0.0,0.0,0.0,0.0
33.29,4.48,1.1,0.19,52.09,50.996100000000006,3.951168715768787,0.0,0.0,0.0,0.0,1.0,0.0,0.0,0.0,0.0,0.0,0.0,0.0
2.33,4.8999999999999915,1.38,0.33,105.78,43.0228,3.784707681526606,0.0,1.0,0.0,0.0,1.0,0.0,1.0,0.0,0.0,1.0,0.0,0.0
11.88,4.67,0.63,0.27,39.27,22.7573,3.1678898516737073,0.0,0.0,0.0,0.0,1.0,0.0,0.0,1.0,0.0,0.0,0.0,0.0
12.32,3.8,1.15,0.31,6.37,19.9427,3.0417901369584457,0.0,0.0,0.0,0.0,1.0,0.0,1.0,0.0,0.0,0.0,0.0,0.0
33.92,3.59,0.76,0.17,39.58,36.09780000000001,3.6135576686637485,1.0,0.0,0.0,0.0,0.0,1.0,1.0,0.0,0.0,0.0,0.0,0.0
1.97,2.08,1.98,0.37,71.48,32.428200000000004,3.509399855129548,0.0,0.0,0.0,0.0,1.0,0.0,0.0,1.0,0.0,0.0,0.0,0.0
6.1,2.74,1.34,0.43999999999999995,48.23,32.1352,3.5005961614356607,1.0,0.0,0.0,0.0,1.0,0.0,0.0,1.0,0.0,0.0,0.0,0.0
40.2,3.38,1.53,0.2,66.51,78.18800000000002,4.371824772189285,0.0,1.0,0.0,0.0,1.0,0.0,0.0,0.0,0.0,0.0,0.0,0.0
9.75,3.89,0.99,0.3,105.81,45.2855,3.83482873709667,0.0,0.0,0.0,0.0,0.0,1.0,0.0,1.0,0.0,0.0,0.0,0.0
32.98,3.67,0.64,0.49,109.94,78.64779999999999,4.377614415133415,0.0,1.0,0.0,0.0,1.0,0.0,0.0,0.0,0.0,0.0,0.0,0.0
12.67,4.23,1.96,0.23,35.59,37.2489,3.6441148016890863,0.0,1.0,0.0,0.0,1.0,0.0,1.0,0.0,0.0,0.0,1.0,0.0
5.87,2.84,0.93,0.34,58.15,28.0701,3.3697101545373482,1.0,0.0,0.0,0.0,0.0,1.0,1.0,0.0,0.0,0.0,0.0,0.0
36.39,2.26,1.47,0.34,114.15,94.5643,4.559799319352307,0.0,1.0,0.0,0.0,1.0,0.0,1.0,0.0,0.0,0.0,0.0,0.0
42.93,3.24,0.54,0.14,119.84,43.19980000000001,3.7887202641865376,0.0,0.0,0.0,0.0,1.0,0.0,0.0,1.0,0.0,0.0,0.0,0.0
20.46,4.08,1.3,0.39,88.6,65.232,4.193163729836504,0.0,1.0,0.0,0.0,0.0,0.0,1.0,0.0,0.0,0.0,0.0,0.0
33.74,4.97,0.92,0.42,48.47,56.3682,4.049490142838316,0.0,0.0,0.0,0.0,1.0,0.0,0.0,0.0,0.0,1.0,0.0,0.0
11.04,2.83,0.59,0.38,5.93,11.596999999999998,2.533458690370166,1.0,0.0,0.0,0.0,0.0,1.0,0.0,0.0,0.0,0.0,0.0,0.0
15.36,3.49,0.74,0.34,6.06,16.9168,2.885738820172437,0.0,0.0,0.0,0.0,1.0,0.0,1.0,0.0,0.0,0.0,0.0,0.0
44.92,2.99,1.84,0.28,57.97,101.8744,4.633508826659448,0.0,1.0,0.0,0.0,1.0,0.0,1.0,0.0,0.0,0.0,0.0,0.0
1.64,3.32,1.53,0.44,61.16,32.7396,3.5186722216829946,0.0,0.0,0.0,0.0,1.0,0.0,1.0,0.0,0.0,0.0,0.0,0.0
5.19,4.57,0.87,0.48,7.6,12.7333,2.6198235404999592,1.0,0.0,0.0,0.0,1.0,0.0,1.0,0.0,0.0,1.0,0.0,0.0
11.19,4.05,0.6,0.3,84.0,35.964,3.609944466025794,0.0,0.0,0.0,1.0,1.0,0.0,1.0,0.0,0.0,0.0,0.0,0.0
2.3,4.650000000000002,1.54,0.47,38.81,26.4327,3.311735732478678,0.0,1.0,0.0,0.0,0.0,1.0,0.0,1.0,0.0,0.0,1.0,0.0
9.89,2.61,1.36,0.33,69.39,38.95910000000001,3.6878564310041946,1.0,0.0,0.0,0.0,1.0,0.0,1.0,0.0,0.0,0.0,1.0,0.0
29.57,4.62,1.11,0.32,39.61,50.117900000000006,3.9341347294132745,0.0,0.0,0.0,1.0,1.0,0.0,1.0,0.0,0.0,0.0,0.0,0.0
21.65,2.18,1.05,0.28,24.22,31.6941,3.487194633489537,1.0,0.0,0.0,0.0,1.0,0.0,0.0,0.0,0.0,0.0,0.0,0.0
44.74,4.67,0.83,0.18,51.82,51.1318,3.9537751272458608,0.0,1.0,0.0,0.0,0.0,0.0,0.0,1.0,0.0,1.0,0.0,0.0
41.05,2.99,1.5,0.1,31.71,67.736,4.230273079446345,0.0,0.0,1.0,0.0,0.0,0.0,0.0,0.0,0.0,0.0,1.0,0.0
17.75,2.9400000000000013,1.96,0.2,66.5,51.03,3.9518204753022124,0.0,0.0,0.0,0.0,1.0,0.0,1.0,0.0,0.0,0.0,0.0,0.0
13.71,3.54,0.76,0.3,27.87,22.3206,3.1493370901393,0.0,0.0,0.0,0.0,1.0,0.0,1.0,0.0,0.0,0.0,0.0,0.0
19.6,4.82,1.4,0.25000000000000006,63.47,48.127500000000005,3.8944189594797853,0.0,1.0,0.0,0.0,1.0,0.0,0.0,1.0,0.0,0.0,0.0,0.0
14.14,3.06,1.1700000000000004,0.49,82.16,59.8622,4.10861229235311,1.0,0.0,0.0,0.0,1.0,0.0,1.0,0.0,0.0,0.0,0.0,0.0
31.58,4.57,0.88,0.24,91.7,54.3684,4.0140090339030055,0.0,0.0,1.0,0.0,0.0,1.0,0.0,1.0,0.0,1.0,0.0,0.0
21.06,3.19,1.74,0.28,17.7,44.7904,3.824074462162625,0.0,0.0,0.0,0.0,0.0,1.0,0.0,1.0,0.0,0.0,0.0,0.0
28.05,2.6,1.23,0.15,58.8,45.9215,3.84847599258373,0.0,0.0,0.0,0.0,1.0,0.0,0.0,1.0,0.0,0.0,0.0,0.0
22.37,3.27,1.32,0.12,13.15,34.376400000000004,3.566044931152025,1.0,0.0,0.0,0.0,1.0,0.0,0.0,1.0,0.0,0.0,0.0,0.0
15.43,3.16,0.96,0.41,73.79,48.2267,3.896436159225965,1.0,0.0,0.0,0.0,0.0,1.0,0.0,1.0,0.0,0.0,0.0,0.0
47.47,4.75,0.7700000000000001,0.33,35.41,52.9872,3.988746981429519,0.0,0.0,0.0,0.0,0.0,1.0,1.0,0.0,0.0,0.0,0.0,1.0
38.42,4.29,0.63,0.4,65.68,54.76660000000001,4.0211751238666915,0.0,0.0,0.0,0.0,1.0,0.0,1.0,0.0,0.0,0.0,0.0,0.0
7.87,3.52,1.57,0.16,64.51,26.1975,3.3031250573131006,0.0,0.0,0.0,0.0,1.0,0.0,1.0,0.0,0.0,0.0,0.0,0.0
24.88,3.4,1.54,0.2,68.14,55.3432,4.03146155884735,0.0,1.0,0.0,0.0,0.0,1.0,0.0,0.0,0.0,0.0,0.0,0.0
44.83,2.17,1.09,0.19,72.04,64.7223,4.185438289513475,0.0,0.0,0.0,0.0,0.0,1.0,0.0,1.0,0.0,0.0,1.0,0.0
40.19,2.79,1.12,0.1,51.19,52.9218,3.987534848836176,0.0,0.0,0.0,0.0,1.0,0.0,0.0,1.0,0.0,0.0,0.0,0.0
21.84,3.31,1.2,0.15,114.14,46.639,3.8636517535027264,1.0,0.0,0.0,0.0,1.0,0.0,1.0,0.0,0.0,0.0,0.0,0.0
2.1,2.4700000000000024,1.05,0.22,94.38,25.4386,3.2748250635059377,0.0,1.0,0.0,0.0,0.0,1.0,1.0,0.0,0.0,0.0,0.0,0.0
14.17,4.84,0.65,0.15,37.82,19.7235,3.031268322045007,0.0,0.0,0.0,0.0,0.0,1.0,1.0,0.0,0.0,0.0,1.0,0.0
27.54,4.3,0.96,0.49,102.08,80.7576,4.403758771817115,0.0,0.0,0.0,0.0,0.0,1.0,1.0,0.0,0.0,0.0,0.0,0.0
32.04,2.7999999999999954,1.5,0.22,54.73,62.9006,4.157328751010768,0.0,0.0,0.0,0.0,0.0,1.0,1.0,0.0,0.0,0.0,0.0,0.0
13.64,3.77,1.5,0.15,100.3,39.275,3.6957309290630382,0.0,1.0,0.0,0.0,1.0,0.0,0.0,1.0,0.0,1.0,0.0,0.0
7.83,4.16,0.93,0.18,99.63,29.3753,3.4136297781551495,0.0,0.0,0.0,0.0,1.0,0.0,0.0,1.0,0.0,0.0,0.0,0.0
41.91,4.82,1.19,0.34,26.72,63.7777,4.170961408327446,0.0,0.0,0.0,0.0,1.0,0.0,0.0,1.0,0.0,0.0,0.0,0.0
49.24,4.64,0.79,0.13,85.63,54.67150000000001,4.019468346326762,0.0,0.0,0.0,0.0,1.0,0.0,0.0,1.0,0.0,0.0,0.0,0.0
26.76,3.55,0.82,0.44,38.42,42.398,3.7704133570951988,0.0,0.0,0.0,0.0,1.0,0.0,0.0,0.0,0.0,0.0,0.0,0.0
9.41,4.32,0.53,0.48,39.21,28.1281,3.3717033439900077,0.0,0.0,0.0,1.0,0.0,1.0,1.0,0.0,0.0,0.0,0.0,0.0
1.9,3.66,0.82,0.28,88.44,29.9812,3.4333805689060823,0.0,1.0,0.0,0.0,0.0,1.0,1.0,0.0,0.0,0.0,0.0,0.0
6.77,2.38,0.92,0.36,5.1,10.4444,2.4375005273907298,0.0,0.0,0.0,0.0,0.0,1.0,0.0,0.0,0.0,0.0,0.0,0.0
29.249999999999993,3.59,0.69,0.27,87.25,47.33,3.8780524858569927,0.0,1.0,0.0,0.0,1.0,0.0,1.0,0.0,0.0,1.0,0.0,0.0
14.43,2.81,1.46,0.21,24.69,29.0627,3.4032852006505028,0.0,1.0,0.0,0.0,1.0,0.0,0.0,0.0,0.0,0.0,0.0,0.0
28.15,2.06,0.61,0.18,17.02,22.2951,3.1482430380262345,0.0,0.0,0.0,0.0,1.0,0.0,0.0,0.0,0.0,0.0,0.0,0.0
32.92,4.17,0.7,0.36,32.31,38.8456,3.685011985087446,1.0,0.0,0.0,0.0,1.0,0.0,1.0,0.0,0.0,0.0,0.0,0.0
41.660000000000004,2.1,1.47,0.27,48.69,76.48649999999999,4.350103727637456,1.0,0.0,0.0,0.0,0.0,1.0,1.0,0.0,0.0,0.0,1.0,0.0
11.11,3.79,1.01,0.17,59.73,25.1652,3.2644302835939256,1.0,0.0,0.0,0.0,0.0,1.0,0.0,1.0,0.0,0.0,0.0,0.0
1.54,3.62,1.56,0.38,10.13,9.8718,2.3861722808003134,0.0,0.0,0.0,0.0,1.0,0.0,0.0,0.0,0.0,0.0,0.0,0.0
7.71,4.91,1.3400000000000003,0.33,116.62,53.726,4.002338916426076,0.0,0.0,0.0,0.0,1.0,0.0,1.0,0.0,0.0,0.0,0.0,0.0
45.1,3.450000000000003,0.88,0.44,87.35,81.572,4.413670640008343,0.0,1.0,0.0,0.0,1.0,0.0,0.0,1.0,0.0,0.0,0.0,0.0
43.82,2.19,1.48,0.15,42.17,73.3691,4.3090405329880905,0.0,0.0,0.0,0.0,1.0,0.0,1.0,0.0,0.0,0.0,0.0,0.0
30.27,3.66,0.67,0.41,41.65,41.0174,3.738083818205022,0.0,0.0,0.0,0.0,0.0,1.0,0.0,1.0,0.0,0.0,0.0,0.0
30.43,4.52,1.3,0.37,56.58,65.0136,4.189860781404915,0.0,1.0,0.0,0.0,0.0,1.0,0.0,1.0,0.0,0.0,0.0,0.0
33.59,4.99,1.16,0.15,77.02,55.5074,4.034371603027449,0.0,1.0,0.0,0.0,1.0,0.0,0.0,1.0,0.0,0.0,0.0,0.0
9.59,3.29,0.9,0.38,21.83,20.2164,3.0547744675210478,0.0,0.0,0.0,0.0,0.0,1.0,0.0,0.0,0.0,0.0,0.0,0.0
45.81,2.9599999999999866,1.41,0.28,26.73,75.03649999999999,4.331213488154787,1.0,0.0,0.0,0.0,1.0,0.0,0.0,0.0,0.0,0.0,0.0,0.0
21.52,4.72,1.81,0.48,103.83,93.5096,4.548701416641644,0.0,0.0,1.0,0.0,0.0,1.0,0.0,0.0,0.0,1.0,0.0,0.0
19.77,2.57,2.0,0.16,34.47,47.6252,3.8841419150406913,0.0,0.0,1.0,0.0,1.0,0.0,1.0,0.0,0.0,0.0,0.0,0.0
26.43,3.85,1.41,0.36,48.72,58.65549999999999,4.088586348819753,0.0,0.0,0.0,0.0,0.0,1.0,0.0,1.0,0.0,0.0,0.0,0.0
3.3,3.22,1.11,0.25,105.2,33.183,3.531728444461926,0.0,0.0,0.0,0.0,0.0,1.0,1.0,0.0,0.0,0.0,0.0,0.0
9.15,2.12,0.84,0.48,81.26,48.8108,3.9082318279881365,0.0,0.0,0.0,0.0,1.0,0.0,0.0,1.0,0.0,0.0,1.0,0.0
37.16,3.04,0.89,0.23,44.3,46.3014,3.856539893368534,1.0,0.0,0.0,0.0,0.0,1.0,0.0,1.0,0.0,0.0,1.0,0.0
5.06,2.8,1.22,0.48,83.63,49.11559999999999,3.9143323368684944,0.0,1.0,0.0,0.0,1.0,0.0,0.0,1.0,0.0,0.0,0.0,1.0
30.55,4.06,1.05,0.46,7.26,39.4771,3.7007363820967147,0.0,0.0,0.0,0.0,1.0,0.0,0.0,1.0,0.0,0.0,0.0,0.0
13.02,4.85,1.87,0.20999999999999996,89.6,48.0134,3.8920937301124443,1.0,0.0,0.0,0.0,1.0,0.0,0.0,0.0,0.0,0.0,0.0,0.0
20.08,2.8,1.05,0.42,61.01000000000001,49.5082,3.9221356993373435,0.0,0.0,0.0,0.0,0.0,1.0,1.0,0.0,0.0,0.0,0.0,0.0
15.15,4.43,1.06,0.5,98.52,69.749,4.259138402147839,0.0,0.0,0.0,0.0,0.0,1.0,0.0,0.0,1.0,0.0,0.0,0.0
18.43,2.17,1.08,0.2,114.78,45.03040000000001,3.829302047776185,0.0,0.0,0.0,0.0,0.0,1.0,1.0,0.0,0.0,0.0,0.0,0.0
15.56,2.21,1.48,0.31000000000000005,109.57,59.2055,4.097763710267756,0.0,0.0,0.0,0.0,1.0,0.0,0.0,0.0,1.0,1.0,0.0,0.0
28.75,4.8,1.42,0.22,63.9,59.68299999999999,4.105663592941816,0.0,0.0,0.0,0.0,0.0,1.0,0.0,0.0,0.0,1.0,0.0,0.0
24.33,4.3,1.0,0.11,46.42,33.7362,3.5477823708346987,0.0,1.0,0.0,0.0,1.0,0.0,0.0,0.0,0.0,0.0,0.0,0.0
33.52,3.97,1.73,0.19,58.48,73.0708,4.305021392560905,0.0,1.0,0.0,0.0,1.0,0.0,0.0,0.0,0.0,0.0,0.0,0.0
46.9,4.47,0.56,0.21,84.34,48.44540000000001,3.900869030485976,1.0,0.0,0.0,0.0,1.0,0.0,0.0,0.0,0.0,0.0,0.0,0.0
36.9,3.94,1.81,0.28,106.66,100.5938,4.620982509660317,0.0,1.0,0.0,0.0,0.0,1.0,1.0,0.0,0.0,0.0,0.0,0.0
11.53,4.91,1.27,0.17,28.80000000000001,24.4491,3.2366803789134697,0.0,0.0,0.0,0.0,0.0,1.0,1.0,0.0,0.0,1.0,0.0,0.0
2.53,4.14,1.1,0.45,110.59,56.688500000000005,4.0550578468907235,0.0,1.0,0.0,0.0,1.0,0.0,0.0,1.0,0.0,0.0,0.0,0.0
13.85,4.77,1.25,0.38,98.75,59.6075,4.104418647793575,0.0,0.0,1.0,0.0,1.0,0.0,0.0,1.0,0.0,0.0,0.0,0.0
3.52,2.35,0.5199999999999992,0.36,106.23,42.4232,3.7709938604908593,0.0,0.0,0.0,0.0,1.0,0.0,1.0,0.0,0.0,0.0,0.0,0.0
25.32,3.58,1.81,0.36,37.19,62.7976,4.155715572088328,1.0,0.0,0.0,0.0,0.0,1.0,0.0,1.0,0.0,1.0,0.0,0.0
30.25,2.38,1.17,0.48,17.18,46.0189,3.850549648537975,1.0,0.0,0.0,0.0,0.0,1.0,0.0,1.0,0.0,0.0,0.0,0.0
17.38,3.78,1.01,0.1,17.91,23.1248,3.183240357035246,0.0,1.0,0.0,0.0,1.0,0.0,1.0,0.0,0.0,1.0,0.0,0.0
38.77,3.45,0.71,0.2,38.49,38.6747,3.680713704947212,1.0,0.0,0.0,0.0,1.0,0.0,0.0,1.0,0.0,0.0,0.0,0.0
6.22,3.87,1.16,0.47,75.63,46.6313,3.863490108162746,0.0,0.0,0.0,0.0,0.0,1.0,0.0,1.0,0.0,0.0,0.0,0.0
4.68,2.03,1.24,0.47,97.5,53.6582,4.001099249112465,0.0,0.0,0.0,0.0,0.0,1.0,0.0,1.0,0.0,1.0,0.0,0.0
36.68,2.58,1.11,0.39,108.41,85.5747,4.461007625078901,0.0,1.0,0.0,0.0,1.0,0.0,1.0,0.0,0.0,0.0,0.0,0.0
25.28,3.47,1.52,0.41,76.73,73.3549,4.308849575240274,0.0,1.0,0.0,0.0,0.0,1.0,0.0,1.0,0.0,0.0,1.0,0.0
34.73,4.85,1.13,0.14,5.65,44.88589999999999,3.8261578803316434,1.0,0.0,0.0,0.0,1.0,0.0,1.0,0.0,0.0,0.0,0.0,0.0
22.31,3.15,1.94,0.31,26.43,54.6247,4.0186273472134335,0.0,0.0,0.0,0.0,1.0,0.0,1.0,0.0,0.0,0.0,0.0,0.0
13.07,3.27,1.4,0.19,16.47,24.6973,3.2463859280163985,0.0,0.0,0.0,1.0,0.0,1.0,0.0,1.0,0.0,0.0,0.0,0.0
41.14,4.14,1.71,0.17,46.78,82.44200000000001,4.424151779724529,1.0,0.0,0.0,0.0,0.0,1.0,0.0,1.0,0.0,1.0,0.0,0.0
40.17,3.81,0.66,0.42,62.66,56.6394,4.0542063616392525,1.0,0.0,0.0,0.0,1.0,0.0,1.0,0.0,0.0,0.0,0.0,0.0
14.34,3.23,1.01,0.29,45.07,30.7837,3.4589535797564515,0.0,0.0,0.0,0.0,1.0,0.0,0.0,1.0,0.0,0.0,0.0,0.0
18.69,4.9,1.79,0.17,79.41,51.8548,3.9675485312762806,1.0,0.0,0.0,0.0,1.0,0.0,0.0,1.0,0.0,0.0,0.0,0.0
5.49,2.39,0.62,0.49,58.39,34.4049,3.566850228639926,0.0,0.0,0.0,0.0,0.0,1.0,0.0,1.0,0.0,0.0,0.0,0.0
45.95,3.12,0.61,0.5000000000000001,61.96,62.12950000000001,4.14518817218343,0.0,0.0,1.0,0.0,1.0,0.0,0.0,1.0,0.0,0.0,0.0,0.0
7.7,2.08,1.78,0.32000000000000006,54.18,33.1236,3.5299892270225235,0.0,1.0,0.0,0.0,1.0,0.0,1.0,0.0,0.0,1.0,0.0,0.0
47.56,2.67,0.82,0.17,114.94,61.209,4.130499683811651,0.0,1.0,0.0,0.0,1.0,0.0,1.0,0.0,0.0,0.0,0.0,0.0
22.85,4.34,1.5000000000000002,0.23,29.69,45.44370000000001,3.838240826351942,0.0,1.0,0.0,0.0,0.0,1.0,0.0,1.0,0.0,0.0,0.0,0.0
